Index,Energy,BoundaryWeight,CornerWeight,IPR,MeanBoundaryDistance
2907,-2.47387698724579,0.780968330015467,0.20882588909363636,0.01297745156695589,0.8714695115560893
3760,-2.4738760314905015,0.7804970965028861,0.20866233648314247,0.01296185545299688,0.8739454877146535
10,-2.4207279403515596,0.9353937613022822,0.3769377807152909,0.01987801868831669,0.5542108203011866
572,-2.420727937649696,0.9354060563900413,0.37694405953022325,0.019878711373738263,0.5541485446966468
90,-2.3491790544573043,0.6493569796197334,0.11836788829636005,0.0074848747330211185,1.2157542890166053
356,-2.3491771604140346,0.6493046426741274,0.11835496112862604,0.007478625516545839,1.2157507779509644
37,-2.315950874489593,0.950933067792121,0.4967174027660229,0.02720933726016283,0.38632375153264975
1186,-2.3159508735549936,0.9509233298434506,0.49673786327360686,0.027210355555861307,0.386325133950426
2134,-2.2768284417557516,0.6836694769866312,0.17406899536492265,0.007789311165670726,1.170341970944436
3523,-2.276828190117661,0.6845015883226517,0.17429167725669925,0.007810737161533938,1.1641703583080583
2346,-0.358080378859398,0.6179943573619792,0.17318704083845704,0.007059035394636775,1.6685681298603119
2886,-0.22939723956515282,0.6869205206638707,0.16984293259547928,0.007888739489493401,1.1386000637788687
2998,-0.22939464314235217,0.6823964874711921,0.16868905334806422,0.007759276533578923,1.175575703582275
2096,-0.19027458179727538,0.9405269673777591,0.5179007418973796,0.028057247682768773,0.39856845385506706
1362,-0.1902745798891416,0.940521308447843,0.5178825278330507,0.028056608893909853,0.3985806880537568
2197,-0.15704041689851994,0.6167610523247158,0.11048798401062404,0.006361176303513047,1.6120745081947563
2725,-0.08549754827063231,0.9349976267742811,0.40228364762885127,0.021563757133681055,0.5020487561390057
2698,-0.08549749453469288,0.9349590572140292,0.40226159498512387,0.02156137439595769,0.5022067796342573
3646,-0.032368011691774126,0.8308432398911961,0.2159074126239879,0.0155948045373696,0.730664026642717
2863,-0.03236588606145431,0.829319078531949,0.21543327362379958,0.015524856504010018,0.7421088367424209
762,-0.0067649239062741685,0.6583618657579628,0.06504049366873282,0.006506900156336656,1.3249920025920057
924,-0.006758466139313413,0.6280058276672009,0.05814328621288832,0.005842934526564952,1.48544793972216
3438,0.6421256651439158,0.6280058276664223,0.058143286212720385,0.0058429345265495715,1.4854479397264049
2724,0.6421321229108763,0.6583618657579458,0.06504049366872551,0.006506900156336038,1.3249920025920945
3231,0.6677330850660536,0.8293190785319762,0.2154332736238056,0.015524856504011616,0.7421088367423008
3227,0.6677352106963733,0.8308432398911955,0.21590741262399296,0.015594804537370116,0.7306640266427105
672,0.7208646935392958,0.9349590572140353,0.4022615949851321,0.02156137439595826,0.5022067796342321
3820,0.7208647472752355,0.9349976267742827,0.40228364762884855,0.021563757133681014,0.5020487561390037
3722,0.7924076159031291,0.6167610523278566,0.11048798401124828,0.006361176303597602,1.6120745081660224
1,0.8256417788937408,0.9405213084477472,0.5178825278327442,0.028056608894183287,0.3985806880539669
4,0.8256417808018762,0.9405269673777656,0.5179007418974072,0.028057247682940614,0.39856845385505535
2883,0.8647618421469584,0.6823964874720831,0.16868905334831208,0.007759276533604334,1.1755757035750103
3649,0.8647644385697543,0.6869205206638536,0.16984293259547303,0.007888739489492988,1.1386000637790543
3826,0.9934475778640057,0.6179943573606339,0.17318704083792646,0.007059035394595629,1.6685681298715325
2025,2.912195389122264,0.6845015883226743,0.17429167725671044,0.007810737161534572,1.1641703583079355
2757,2.912195640760353,0.6836694769862595,0.17406899536480894,0.007789311165660197,1.1703419709473248
2935,2.9513180725595993,0.950923329843353,0.4967378632737125,0.027210355555660683,0.38632513395055024
3018,2.951318073494203,0.9509330677921158,0.4967174027660478,0.02720933725986388,0.38632375153263404
1909,2.984544359418641,0.6493046426741471,0.11835496112863336,0.0074786255165460325,1.215750777950808
3648,2.9845462534619127,0.6493569796197309,0.11836788829636018,0.007484874733021225,1.215754289016595
2183,3.0560951366543017,0.9354060563900434,0.37694405953022375,0.01987871137370554,0.5541485446966499
2429,3.0560951393561644,0.9353937613022836,0.37693778071529266,0.019878018688310187,0.5542108203011847
2098,3.1092432304951165,0.7804970965028593,0.20866233648313245,0.012961855452995876,0.8739454877148545
3762,3.1092441862503986,0.7809683300154703,0.20882588909363506,0.012977451566956122,0.8714695115560668
