"phi","rho_promedio","error","rho_moneda1","rho_bulto_moneda1"
"-Times-","-Times-","-Times-","-Times-","-Times-"
"-Times-","-Times-","-Times-","-Times-","0"
"-Times-","-Times-","-Times-","-Times-","-Times-"
"-Times-","-Times-","-Times-","-Times-","-Times-"
"-Times-","-Times-","-Times-","-Times-","-Times-"
"-Times-","-Times-","-Times-","-Times-","-Times-"
"-Times-","-Times-","-Times-","-Times-","-Times-"
"-Times-","-Times-","-Times-","-Times-","-Times-"
"-Times-","-Times-","-Times-","-Times-","-Times-"
"-Times-","-Times-","-Times-","-Times-","-Times-"
"-Times-","-Times-","-Times-","-Times-","-Times-"
"-Times-","-Times-","-Times-","-Times-","-Times-"
"-Times-","-Times-","-Times-","-Times-","-Times-"
"-Times-","-Times-","-Times-","-Times-","-Times-"
"-Times-","-Times-","-Times-","-Times-","-Times-"
"-Times-","-Times-","-Times-","-Times-","-Times-"
"-Times-","-Times-","-Times-","-Times-","-Times-"
"-Times-","-Times-","-Times-","-Times-","0"
"-Times-","-Times-","-Times-","-Times-","-Times-"
"-Times-","-Times-","-Times-","-Times-","-Times-"
"-Times-","-Times-","-Times-","-Times-","-Times-"
"-Times-","-Times-","-Times-","-Times-","-Times-"
"-Times-","-Times-","-Times-","-Times-","-Times-"
"-Times-","-Times-","-Times-","-Times-","-Times-"
"-Times-","-Times-","-Times-","-Times-","-Times-"
"-Times-","-Times-","-Times-","-Times-","-Times-"
"-Times-","-Times-","-Times-","-Times-","-Times-"
"-Times-","-Times-","-Times-","-Times-","-Times-"
"-Times-","-Times-","-Times-","-Times-","-Times-"
"-Times-","-Times-","-Times-","-Times-","-Times-"
"-Times-","-Times-","-Times-","-Times-","-Times-"
"-Times-","-Times-","-Times-","-Times-","-Times-"
