tau_mean,K_block_mean,SE_between_coins,K_CUE_block_mean
2.038043478260869595e-02,3.132693389869316558e+00,3.052888082610138998e-01,2.038043478260869248e-02
5.978260869565217572e-02,2.223273063868175248e-01,2.718832520210533871e-02,5.978260869565217572e-02
9.918478260869564855e-02,1.522818587958975067e-01,9.139531104618002846e-03,9.918478260869564855e-02
1.385869565217391353e-01,1.960897664426033415e-01,1.358363980689997197e-02,1.385869565217391630e-01
1.779891304347826220e-01,2.260061029460861681e-01,8.544738758957077379e-03,1.779891304347825942e-01
2.173913043478260809e-01,2.743544829445487832e-01,1.079154920513065476e-02,2.173913043478261087e-01
2.567934782608695676e-01,3.029308630131354874e-01,9.882138948698972192e-03,2.567934782608696231e-01
2.961956521739130266e-01,3.612020249725973464e-01,9.976763687592437452e-03,2.961956521739130266e-01
3.355978260869565410e-01,3.577630088801556085e-01,1.064996409752791418e-02,3.355978260869564300e-01
3.750000000000000000e-01,4.059381329283808792e-01,1.135089616062186051e-02,3.750000000000000000e-01
4.144021739130434590e-01,4.276675408071470841e-01,1.018614091907668953e-02,4.144021739130435700e-01
4.538043478260869734e-01,4.914495732255441673e-01,1.499699996298950802e-02,4.538043478260869734e-01
4.932065217391304324e-01,5.200383251085188840e-01,1.408297813775077206e-02,4.932065217391303213e-01
5.326086956521739468e-01,5.282502399970226969e-01,1.469317283951694642e-02,5.326086956521739468e-01
5.720108695652174058e-01,5.857328901034519752e-01,1.487114409590783830e-02,5.720108695652174058e-01
6.114130434782608647e-01,6.229432148801075098e-01,1.490287778991672939e-02,6.114130434782608647e-01
6.508152173913043237e-01,6.127182340635433100e-01,1.492591203993626214e-02,6.508152173913044347e-01
6.902173913043477826e-01,6.489119036253820916e-01,1.697005583201449327e-02,6.902173913043477826e-01
7.296195652173913526e-01,6.667595777806591961e-01,1.818836361920826358e-02,7.296195652173911306e-01
7.690217391304348116e-01,6.984000868552341368e-01,1.754285366406976507e-02,7.690217391304349226e-01
8.084239130434782705e-01,7.519797709638196270e-01,1.822406933663353948e-02,8.084239130434782705e-01
8.478260869565217295e-01,7.306853660429357689e-01,1.917767873088711134e-02,8.478260869565217295e-01
8.872282608695651884e-01,7.549636758217168619e-01,1.864887506141451809e-02,8.872282608695650774e-01
9.266304347826086474e-01,7.761342952774452630e-01,1.849686650409598440e-02,9.266304347826088694e-01
9.660326086956522174e-01,7.715423652871511440e-01,2.207363797216879697e-02,9.660326086956522174e-01
1.005434782608695565e+00,8.022620426132369698e-01,1.935803246378155554e-02,9.974231634182909589e-01
1.044836956521739024e+00,8.778761176373269803e-01,2.170139227764302653e-02,1.000000000000000000e+00
1.084239130434782705e+00,8.534533145833435031e-01,2.035944215078631936e-02,1.000000000000000000e+00
1.123641304347826164e+00,8.639826252781108717e-01,2.027785169980758292e-02,1.000000000000000000e+00
1.163043478260869623e+00,9.026464209652369508e-01,2.359222527118935361e-02,1.000000000000000000e+00
1.202445652173913082e+00,8.795959631539175261e-01,2.107530952490674347e-02,1.000000000000000000e+00
1.241847826086956541e+00,8.929963752395970733e-01,2.359926673590506327e-02,1.000000000000000000e+00
1.281250000000000000e+00,9.154462111258309109e-01,2.805047937490941917e-02,1.000000000000000000e+00
1.320652173913043459e+00,9.084136784610541415e-01,2.140726268185143624e-02,1.000000000000000000e+00
1.360054347826086918e+00,9.117873564284459942e-01,2.410314140480291495e-02,1.000000000000000000e+00
1.399456521739130377e+00,9.212054214988859568e-01,2.442557764347322302e-02,1.000000000000000000e+00
1.438858695652173836e+00,9.169117790976403226e-01,2.274984942571686014e-02,1.000000000000000000e+00
1.478260869565217295e+00,9.353123036456977291e-01,2.271840078305361124e-02,1.000000000000000000e+00
1.517663043478260976e+00,9.436845986097510686e-01,1.972595858708329347e-02,1.000000000000000000e+00
1.557065217391304435e+00,9.143832305542295424e-01,2.082998793039399915e-02,1.000000000000000000e+00
1.596467391304347894e+00,9.247681612425642239e-01,1.997844630796549725e-02,1.000000000000000000e+00
1.635869565217391353e+00,9.793194023433244855e-01,2.462476966617739571e-02,1.000000000000000000e+00
1.675271739130434812e+00,9.849589314928917094e-01,2.618562015876231205e-02,1.000000000000000000e+00
1.714673913043478271e+00,9.571898823506038712e-01,2.170378028414201091e-02,1.000000000000000000e+00
1.754076086956521729e+00,9.492276286918224226e-01,2.230852931090878538e-02,1.000000000000000000e+00
1.793478260869565188e+00,9.580963805006359468e-01,2.297812510974934358e-02,1.000000000000000000e+00
1.832880434782608647e+00,9.850091461340192422e-01,2.376395904394053293e-02,1.000000000000000000e+00
1.872282608695652106e+00,9.325057903965300321e-01,2.391198395179240307e-02,1.000000000000000000e+00
1.911684782608695565e+00,1.001762818942916855e+00,2.148257444466391761e-02,1.000000000000000000e+00
1.951086956521739024e+00,9.863721624905208429e-01,2.360009890494903229e-02,1.000000000000000000e+00
1.985733695652173836e+00,9.554189441903537805e-01,2.432513941513700373e-02,1.000000000000000000e+00
