t,tau,K_mean,SE_between_coins,K_CUE
1.000000000000000000e+00,2.840909090909090988e-03,4.773782061582139136e-01,4.362971103358995878e-02,2.840909090909090988e-03
2.000000000000000000e+00,5.681818181818181976e-03,9.387880070107657460e+00,1.358706958528455244e+00,5.681818181818181976e-03
3.000000000000000000e+00,8.522727272727272096e-03,7.625587123853020399e-01,6.977642734417119352e-02,8.522727272727272096e-03
4.000000000000000000e+00,1.136363636363636395e-02,1.735016395779884490e+01,1.192377832986538877e+00,1.136363636363636395e-02
5.000000000000000000e+00,1.420454545454545407e-02,8.151901045338210139e-01,6.658436947403588435e-02,1.420454545454545407e-02
6.000000000000000000e+00,1.704545454545454419e-02,5.236911777783119781e+00,6.360105436640000054e-01,1.704545454545454419e-02
7.000000000000000000e+00,1.988636363636363605e-02,7.103673977532083406e-01,7.734925815074054911e-02,1.988636363636363605e-02
8.000000000000000000e+00,2.272727272727272790e-02,3.101874501904605452e+00,5.014363120952943786e-01,2.272727272727272790e-02
9.000000000000000000e+00,2.556818181818181976e-02,5.398809956026505708e-01,5.739782791498072856e-02,2.556818181818181976e-02
1.000000000000000000e+01,2.840909090909090814e-02,1.753447734351402998e+00,3.108437386772686661e-01,2.840909090909090814e-02
1.100000000000000000e+01,3.125000000000000000e-02,4.879433401907142254e-01,4.646048218452321354e-02,3.125000000000000000e-02
1.200000000000000000e+01,3.409090909090908839e-02,1.416108028990292089e+00,1.920777620279427722e-01,3.409090909090908839e-02
1.300000000000000000e+01,3.693181818181818371e-02,3.403067767911233110e-01,3.543248097069524871e-02,3.693181818181818371e-02
1.400000000000000000e+01,3.977272727272727210e-02,9.846523951405939945e-01,1.308047004833394478e-01,3.977272727272727210e-02
1.500000000000000000e+01,4.261363636363636048e-02,3.067481949487048665e-01,3.267565094884589821e-02,4.261363636363636048e-02
1.600000000000000000e+01,4.545454545454545581e-02,8.135805690713447946e-01,7.761414888300610659e-02,4.545454545454545581e-02
1.700000000000000000e+01,4.829545454545454419e-02,3.041501284750862677e-01,3.529409498285075719e-02,4.829545454545454419e-02
1.800000000000000000e+01,5.113636363636363952e-02,6.311700987375092886e-01,7.654394753539284224e-02,5.113636363636363952e-02
1.900000000000000000e+01,5.397727272727272790e-02,2.905677139822143706e-01,3.580020397275145844e-02,5.397727272727272790e-02
2.000000000000000000e+01,5.681818181818181629e-02,5.750062958082510223e-01,5.878913931211543487e-02,5.681818181818181629e-02
2.100000000000000000e+01,5.965909090909091161e-02,2.089642662106245830e-01,2.112282492997821087e-02,5.965909090909091161e-02
2.200000000000000000e+01,6.250000000000000000e-02,5.264849061631212690e-01,6.626572884181937406e-02,6.250000000000000000e-02
2.300000000000000000e+01,6.534090909090908839e-02,2.341534993241299600e-01,2.680379412333273870e-02,6.534090909090908839e-02
2.400000000000000000e+01,6.818181818181817677e-02,4.045375506907312735e-01,4.159638925542025190e-02,6.818181818181817677e-02
2.500000000000000000e+01,7.102272727272727904e-02,2.240927548109256096e-01,2.213779443868305399e-02,7.102272727272727904e-02
2.600000000000000000e+01,7.386363636363636742e-02,3.537482887045680924e-01,3.735437698405943280e-02,7.386363636363636742e-02
2.700000000000000000e+01,7.670454545454545581e-02,1.804358148132245154e-01,2.175001224376657549e-02,7.670454545454545581e-02
2.800000000000000000e+01,7.954545454545454419e-02,4.675589835475894018e-01,4.786137039513214259e-02,7.954545454545454419e-02
2.900000000000000000e+01,8.238636363636363258e-02,2.007483337409216861e-01,2.220201305341576795e-02,8.238636363636363258e-02
3.000000000000000000e+01,8.522727272727272096e-02,4.118098299134889673e-01,5.988542505381050374e-02,8.522727272727272096e-02
3.100000000000000000e+01,8.806818181818182323e-02,2.068190918051216187e-01,2.335129557345835480e-02,8.806818181818182323e-02
3.200000000000000000e+01,9.090909090909091161e-02,3.425708529407027192e-01,3.254119545066375130e-02,9.090909090909091161e-02
3.300000000000000000e+01,9.375000000000000000e-02,1.836456045833315953e-01,1.963014843885020275e-02,9.375000000000000000e-02
3.400000000000000000e+01,9.659090909090908839e-02,3.138325869019971126e-01,4.350227450716223632e-02,9.659090909090908839e-02
3.500000000000000000e+01,9.943181818181817677e-02,1.690738266298328074e-01,1.677767589332396919e-02,9.943181818181817677e-02
3.600000000000000000e+01,1.022727272727272790e-01,3.083827111528495424e-01,4.673060797610921469e-02,1.022727272727272790e-01
3.700000000000000000e+01,1.051136363636363674e-01,1.762587911572886246e-01,1.724716564510324346e-02,1.051136363636363674e-01
3.800000000000000000e+01,1.079545454545454558e-01,3.399852468101327574e-01,4.371056821029396106e-02,1.079545454545454558e-01
3.900000000000000000e+01,1.107954545454545442e-01,1.594859380617100197e-01,1.723447167197945246e-02,1.107954545454545442e-01
4.000000000000000000e+01,1.136363636363636326e-01,2.522731148897895959e-01,2.700217717460555444e-02,1.136363636363636326e-01
4.100000000000000000e+01,1.164772727272727210e-01,1.862700198612060321e-01,2.131763073862522756e-02,1.164772727272727210e-01
4.200000000000000000e+01,1.193181818181818232e-01,3.257168527170311578e-01,5.230388508412558285e-02,1.193181818181818232e-01
4.300000000000000000e+01,1.221590909090909116e-01,1.860952303645896644e-01,2.010119091493567725e-02,1.221590909090909116e-01
4.400000000000000000e+01,1.250000000000000000e-01,2.830154882334435240e-01,2.556272796329277230e-02,1.250000000000000000e-01
4.500000000000000000e+01,1.278409090909090884e-01,1.863982211596066918e-01,1.787181189448728766e-02,1.278409090909090884e-01
4.600000000000000000e+01,1.306818181818181768e-01,2.823853219333527509e-01,2.909969899838693239e-02,1.306818181818181768e-01
4.700000000000000000e+01,1.335227272727272652e-01,1.851286779802246429e-01,1.817135650504878019e-02,1.335227272727272652e-01
4.800000000000000000e+01,1.363636363636363535e-01,2.353970365904262674e-01,2.411194844127497253e-02,1.363636363636363535e-01
4.900000000000000000e+01,1.392045454545454419e-01,1.843369920927034056e-01,2.172648511739527083e-02,1.392045454545454419e-01
5.000000000000000000e+01,1.420454545454545581e-01,3.024327460584900207e-01,3.522129533116494932e-02,1.420454545454545581e-01
5.100000000000000000e+01,1.448863636363636465e-01,2.001304960132657684e-01,2.059467315584464012e-02,1.448863636363636465e-01
5.200000000000000000e+01,1.477272727272727348e-01,3.219056822994482148e-01,3.396578770004259062e-02,1.477272727272727348e-01
5.300000000000000000e+01,1.505681818181818232e-01,1.767513938013830221e-01,1.830654692542278000e-02,1.505681818181818232e-01
5.400000000000000000e+01,1.534090909090909116e-01,3.205984427135781800e-01,3.878830371750025680e-02,1.534090909090909116e-01
5.500000000000000000e+01,1.562500000000000000e-01,2.053189014312366834e-01,1.937576023118895915e-02,1.562500000000000000e-01
5.600000000000000000e+01,1.590909090909090884e-01,2.378886670896051825e-01,2.741211081199540489e-02,1.590909090909090884e-01
5.700000000000000000e+01,1.619318181818181768e-01,2.152720136442636822e-01,2.066722956401283173e-02,1.619318181818181768e-01
5.800000000000000000e+01,1.647727272727272652e-01,2.553864401003953510e-01,2.774733700401421990e-02,1.647727272727272652e-01
5.900000000000000000e+01,1.676136363636363535e-01,1.917503105386772211e-01,1.689982548413701546e-02,1.676136363636363535e-01
6.000000000000000000e+01,1.704545454545454419e-01,2.803002560809863541e-01,3.014590472870355697e-02,1.704545454545454419e-01
6.100000000000000000e+01,1.732954545454545581e-01,2.112286639700991786e-01,2.035744289726410319e-02,1.732954545454545581e-01
6.200000000000000000e+01,1.761363636363636465e-01,2.699498246540779078e-01,2.326521900775715621e-02,1.761363636363636465e-01
6.300000000000000000e+01,1.789772727272727348e-01,1.917751310967912848e-01,2.014075907724392073e-02,1.789772727272727348e-01
6.400000000000000000e+01,1.818181818181818232e-01,2.600684022314722066e-01,2.326682790394097103e-02,1.818181818181818232e-01
6.500000000000000000e+01,1.846590909090909116e-01,2.013457023767468990e-01,2.419196248278629793e-02,1.846590909090909116e-01
6.600000000000000000e+01,1.875000000000000000e-01,3.143937156901338570e-01,3.170799912969912704e-02,1.875000000000000000e-01
6.700000000000000000e+01,1.903409090909090884e-01,2.247987061468042780e-01,2.232706885980677985e-02,1.903409090909090884e-01
6.800000000000000000e+01,1.931818181818181768e-01,2.810095633521839109e-01,3.042613106576020840e-02,1.931818181818181768e-01
6.900000000000000000e+01,1.960227272727272652e-01,2.306034369736922052e-01,1.929913923896237754e-02,1.960227272727272652e-01
7.000000000000000000e+01,1.988636363636363535e-01,3.244495375276273408e-01,3.086836820566815631e-02,1.988636363636363535e-01
7.100000000000000000e+01,2.017045454545454419e-01,2.256337266098368266e-01,2.816965001400538807e-02,2.017045454545454419e-01
7.200000000000000000e+01,2.045454545454545581e-01,2.952301975067400663e-01,3.479829804221996892e-02,2.045454545454545581e-01
7.300000000000000000e+01,2.073863636363636465e-01,2.300113073027279520e-01,2.014641263087098635e-02,2.073863636363636465e-01
7.400000000000000000e+01,2.102272727272727348e-01,2.890308513355656084e-01,2.905923696862886679e-02,2.102272727272727348e-01
7.500000000000000000e+01,2.130681818181818232e-01,2.327904355294717620e-01,2.570199094774521312e-02,2.130681818181818232e-01
7.600000000000000000e+01,2.159090909090909116e-01,3.315902911190193314e-01,2.983234543948971168e-02,2.159090909090909116e-01
7.700000000000000000e+01,2.187500000000000000e-01,2.648892803945165908e-01,2.560989058752328670e-02,2.187500000000000000e-01
7.800000000000000000e+01,2.215909090909090884e-01,3.406337661355518520e-01,3.348517810878284817e-02,2.215909090909090884e-01
7.900000000000000000e+01,2.244318181818181768e-01,2.867517418962567954e-01,2.459634058775214682e-02,2.244318181818181768e-01
8.000000000000000000e+01,2.272727272727272652e-01,2.863817430249187557e-01,2.816196702520512921e-02,2.272727272727272652e-01
8.100000000000000000e+01,2.301136363636363535e-01,2.662050656497931822e-01,2.563621305273491163e-02,2.301136363636363535e-01
8.200000000000000000e+01,2.329545454545454419e-01,2.562021343164712639e-01,2.257968896548194493e-02,2.329545454545454419e-01
8.300000000000000000e+01,2.357954545454545581e-01,2.539073573155453678e-01,2.059766498745775262e-02,2.357954545454545581e-01
8.400000000000000000e+01,2.386363636363636465e-01,2.879756832132670530e-01,2.578674758951391907e-02,2.386363636363636465e-01
8.500000000000000000e+01,2.414772727272727348e-01,2.858583709521809735e-01,2.551134588164540376e-02,2.414772727272727348e-01
8.600000000000000000e+01,2.443181818181818232e-01,3.293886102437984520e-01,3.014510898791306764e-02,2.443181818181818232e-01
8.700000000000000000e+01,2.471590909090909116e-01,3.247399492956143385e-01,2.556654193520854421e-02,2.471590909090909116e-01
8.800000000000000000e+01,2.500000000000000000e-01,3.589369575671748636e-01,3.171818019890365603e-02,2.500000000000000000e-01
8.900000000000000000e+01,2.528409090909091161e-01,2.943402167152314175e-01,2.638259866841353649e-02,2.528409090909091161e-01
9.000000000000000000e+01,2.556818181818181768e-01,3.595525276373632284e-01,3.536667073565521319e-02,2.556818181818181768e-01
9.100000000000000000e+01,2.585227272727272929e-01,3.108442633602482852e-01,2.866790820215780675e-02,2.585227272727272929e-01
9.200000000000000000e+01,2.613636363636363535e-01,3.612031238845656578e-01,3.233665831006524161e-02,2.613636363636363535e-01
9.300000000000000000e+01,2.642045454545454697e-01,2.923120401854739647e-01,2.465487246947969946e-02,2.642045454545454697e-01
9.400000000000000000e+01,2.670454545454545303e-01,3.837379810977943895e-01,3.801686085881795379e-02,2.670454545454545303e-01
9.500000000000000000e+01,2.698863636363636465e-01,3.038617043922520744e-01,2.517112433157101328e-02,2.698863636363636465e-01
9.600000000000000000e+01,2.727272727272727071e-01,4.462528966320906676e-01,3.866586208227903304e-02,2.727272727272727071e-01
9.700000000000000000e+01,2.755681818181818232e-01,3.541118701656616463e-01,3.159660490354323364e-02,2.755681818181818232e-01
9.800000000000000000e+01,2.784090909090908839e-01,4.140482712488190997e-01,3.638538184543257253e-02,2.784090909090908839e-01
9.900000000000000000e+01,2.812500000000000000e-01,2.814694895349132975e-01,2.507875139959971772e-02,2.812500000000000000e-01
1.000000000000000000e+02,2.840909090909091161e-01,4.186089627736958585e-01,3.402390790569835566e-02,2.840909090909091161e-01
1.010000000000000000e+02,2.869318181818181768e-01,2.777182088127744808e-01,2.383145209128318537e-02,2.869318181818181768e-01
1.020000000000000000e+02,2.897727272727272929e-01,4.216219252839165099e-01,3.990577431154141569e-02,2.897727272727272929e-01
1.030000000000000000e+02,2.926136363636363535e-01,3.672095340075253733e-01,3.312697987528635812e-02,2.926136363636363535e-01
1.040000000000000000e+02,2.954545454545454697e-01,4.140174203168617839e-01,3.703872785172379611e-02,2.954545454545454697e-01
1.050000000000000000e+02,2.982954545454545303e-01,3.904334255788348695e-01,3.637717131116395552e-02,2.982954545454545303e-01
1.060000000000000000e+02,3.011363636363636465e-01,4.195709086900926144e-01,3.910970452386593188e-02,3.011363636363636465e-01
1.070000000000000000e+02,3.039772727272727071e-01,3.826589899324170929e-01,3.630176637239632825e-02,3.039772727272727071e-01
1.080000000000000000e+02,3.068181818181818232e-01,4.849433206420752929e-01,5.097368735081855146e-02,3.068181818181818232e-01
1.090000000000000000e+02,3.096590909090908839e-01,3.235252040436911725e-01,2.885596449543985365e-02,3.096590909090908839e-01
1.100000000000000000e+02,3.125000000000000000e-01,4.210508227963596362e-01,3.981535298202850542e-02,3.125000000000000000e-01
1.110000000000000000e+02,3.153409090909091161e-01,3.678242229978551103e-01,4.070528366492465883e-02,3.153409090909091161e-01
1.120000000000000000e+02,3.181818181818181768e-01,4.501053240957381685e-01,4.382201464207603758e-02,3.181818181818181768e-01
1.130000000000000000e+02,3.210227272727272929e-01,3.720214658807032837e-01,3.412424192698595288e-02,3.210227272727272929e-01
1.140000000000000000e+02,3.238636363636363535e-01,4.570106579127772850e-01,4.332688830891055082e-02,3.238636363636363535e-01
1.150000000000000000e+02,3.267045454545454697e-01,3.824585661285893057e-01,4.155238204812352482e-02,3.267045454545454697e-01
1.160000000000000000e+02,3.295454545454545303e-01,4.862299964416429421e-01,4.586930922581722303e-02,3.295454545454545303e-01
1.170000000000000000e+02,3.323863636363636465e-01,3.642423853116783516e-01,3.050934776907569118e-02,3.323863636363636465e-01
1.180000000000000000e+02,3.352272727272727071e-01,4.244059317458714342e-01,3.394548285954170769e-02,3.352272727272727071e-01
1.190000000000000000e+02,3.380681818181818232e-01,3.458162378014345006e-01,2.951253145123051980e-02,3.380681818181818232e-01
1.200000000000000000e+02,3.409090909090908839e-01,5.143371325052356058e-01,5.607952483412180500e-02,3.409090909090908839e-01
1.210000000000000000e+02,3.437500000000000000e-01,3.936811901091196164e-01,4.119576960292949813e-02,3.437500000000000000e-01
1.220000000000000000e+02,3.465909090909091161e-01,4.171389150634910448e-01,3.674721748904875157e-02,3.465909090909091161e-01
1.230000000000000000e+02,3.494318181818181768e-01,4.055970569759831945e-01,3.814256654054676982e-02,3.494318181818181768e-01
1.240000000000000000e+02,3.522727272727272929e-01,4.143892991715772967e-01,3.567510162610342678e-02,3.522727272727272929e-01
1.250000000000000000e+02,3.551136363636363535e-01,3.660388052657253533e-01,3.202808343080664616e-02,3.551136363636363535e-01
1.260000000000000000e+02,3.579545454545454697e-01,4.470332442258563299e-01,4.378946965332259494e-02,3.579545454545454697e-01
1.270000000000000000e+02,3.607954545454545303e-01,3.977039530554757341e-01,4.102443556591387624e-02,3.607954545454545303e-01
1.280000000000000000e+02,3.636363636363636465e-01,4.992739848388028090e-01,4.662540839693320172e-02,3.636363636363636465e-01
1.290000000000000000e+02,3.664772727272727071e-01,4.033812741509098521e-01,3.391484914028586317e-02,3.664772727272727071e-01
1.300000000000000000e+02,3.693181818181818232e-01,4.238272954420218008e-01,3.825107302499057560e-02,3.693181818181818232e-01
1.310000000000000000e+02,3.721590909090908839e-01,3.590279453407804189e-01,3.689553081644856430e-02,3.721590909090908839e-01
1.320000000000000000e+02,3.750000000000000000e-01,4.220629315292581674e-01,3.723955481976785192e-02,3.750000000000000000e-01
1.330000000000000000e+02,3.778409090909091161e-01,3.910207475297658442e-01,3.301963176403592548e-02,3.778409090909091161e-01
1.340000000000000000e+02,3.806818181818181768e-01,4.525913147356537825e-01,3.754334477352856692e-02,3.806818181818181768e-01
1.350000000000000000e+02,3.835227272727272929e-01,3.921278816290157954e-01,3.609755884521548275e-02,3.835227272727272929e-01
1.360000000000000000e+02,3.863636363636363535e-01,4.078467738217919081e-01,4.133730404046498386e-02,3.863636363636363535e-01
1.370000000000000000e+02,3.892045454545454697e-01,4.128368366772457998e-01,3.158322932366670888e-02,3.892045454545454697e-01
1.380000000000000000e+02,3.920454545454545303e-01,5.045058495426767431e-01,4.229919694657236634e-02,3.920454545454545303e-01
1.390000000000000000e+02,3.948863636363636465e-01,3.255911435816465915e-01,2.936046935057267868e-02,3.948863636363636465e-01
1.400000000000000000e+02,3.977272727272727071e-01,5.226521205634763190e-01,5.515774706440638303e-02,3.977272727272727071e-01
1.410000000000000000e+02,4.005681818181818232e-01,3.801612968223628819e-01,3.520598582725824321e-02,4.005681818181818232e-01
1.420000000000000000e+02,4.034090909090908839e-01,4.979506188475862904e-01,3.929543887201982638e-02,4.034090909090908839e-01
1.430000000000000000e+02,4.062500000000000000e-01,4.305172835987352564e-01,3.671860961064098150e-02,4.062500000000000000e-01
1.440000000000000000e+02,4.090909090909091161e-01,5.890472297813679203e-01,4.433669603121824510e-02,4.090909090909091161e-01
1.450000000000000000e+02,4.119318181818181768e-01,4.335468030743993006e-01,4.267568042234560349e-02,4.119318181818181768e-01
1.460000000000000000e+02,4.147727272727272929e-01,5.035203608370587558e-01,4.859237098335648930e-02,4.147727272727272929e-01
1.470000000000000000e+02,4.176136363636363535e-01,4.418401936287918441e-01,3.858365217752673243e-02,4.176136363636363535e-01
1.480000000000000000e+02,4.204545454545454697e-01,4.694052668790485994e-01,4.631954382921650570e-02,4.204545454545454697e-01
1.490000000000000000e+02,4.232954545454545303e-01,4.407772305476552743e-01,3.913974300694314512e-02,4.232954545454545303e-01
1.500000000000000000e+02,4.261363636363636465e-01,4.386281106967581667e-01,4.222716124456348669e-02,4.261363636363636465e-01
1.510000000000000000e+02,4.289772727272727071e-01,4.439128287329467404e-01,3.764956217648919579e-02,4.289772727272727071e-01
1.520000000000000000e+02,4.318181818181818232e-01,5.316651512107369859e-01,5.241606029364156288e-02,4.318181818181818232e-01
1.530000000000000000e+02,4.346590909090908839e-01,4.247763216684957155e-01,3.538468184418080975e-02,4.346590909090908839e-01
1.540000000000000000e+02,4.375000000000000000e-01,5.281131600064923326e-01,4.869546549099728477e-02,4.375000000000000000e-01
1.550000000000000000e+02,4.403409090909091161e-01,3.952937407270719072e-01,4.172054039944163989e-02,4.403409090909091161e-01
1.560000000000000000e+02,4.431818181818181768e-01,4.666495319117945351e-01,3.660491017780641981e-02,4.431818181818181768e-01
1.570000000000000000e+02,4.460227272727272929e-01,3.983608191474847238e-01,4.005252324614015647e-02,4.460227272727272929e-01
1.580000000000000000e+02,4.488636363636363535e-01,5.087332825444976780e-01,4.979139488810362807e-02,4.488636363636363535e-01
1.590000000000000000e+02,4.517045454545454697e-01,4.700476989131197048e-01,4.613243845273028859e-02,4.517045454545454697e-01
1.600000000000000000e+02,4.545454545454545303e-01,4.732857388381371821e-01,4.246432372255685289e-02,4.545454545454545303e-01
1.610000000000000000e+02,4.573863636363636465e-01,4.629353211556970216e-01,4.066526671334326493e-02,4.573863636363636465e-01
1.620000000000000000e+02,4.602272727272727071e-01,5.257330131510662419e-01,5.427959893925176499e-02,4.602272727272727071e-01
1.630000000000000000e+02,4.630681818181818232e-01,4.590192484922036575e-01,3.664721472553263831e-02,4.630681818181818232e-01
1.640000000000000000e+02,4.659090909090908839e-01,6.050865392175411861e-01,6.962989096369788522e-02,4.659090909090908839e-01
1.650000000000000000e+02,4.687500000000000000e-01,4.305054299666872253e-01,3.679560344658917154e-02,4.687500000000000000e-01
1.660000000000000000e+02,4.715909090909091161e-01,5.010775314050825990e-01,4.341609203897305036e-02,4.715909090909091161e-01
1.670000000000000000e+02,4.744318181818181768e-01,5.638177783101281371e-01,4.253097558666207173e-02,4.744318181818181768e-01
1.680000000000000000e+02,4.772727272727272929e-01,5.805988868771606581e-01,6.238420012061707265e-02,4.772727272727272929e-01
1.690000000000000000e+02,4.801136363636363535e-01,4.998440763668022813e-01,4.569348776666852519e-02,4.801136363636363535e-01
1.700000000000000000e+02,4.829545454545454697e-01,6.017464918380541761e-01,5.236553511700407088e-02,4.829545454545454697e-01
1.710000000000000000e+02,4.857954545454545303e-01,4.671690407536962519e-01,3.778160323723204345e-02,4.857954545454545303e-01
1.720000000000000000e+02,4.886363636363636465e-01,5.285005102691250345e-01,4.345200753280076961e-02,4.886363636363636465e-01
1.730000000000000000e+02,4.914772727272727071e-01,4.796050223929727574e-01,4.495181228887866476e-02,4.914772727272727071e-01
1.740000000000000000e+02,4.943181818181818232e-01,5.828205866565744353e-01,5.462790379395484480e-02,4.943181818181818232e-01
1.750000000000000000e+02,4.971590909090908839e-01,5.095109188802310340e-01,4.004844726295662266e-02,4.971590909090908839e-01
1.760000000000000000e+02,5.000000000000000000e-01,5.545663183690053843e-01,5.348306227460433715e-02,5.000000000000000000e-01
1.770000000000000000e+02,5.028409090909090606e-01,5.284452967116134436e-01,4.801709251293037606e-02,5.028409090909090606e-01
1.780000000000000000e+02,5.056818181818182323e-01,6.534549660845465624e-01,6.321507694586900317e-02,5.056818181818182323e-01
1.790000000000000000e+02,5.085227272727272929e-01,4.791876403254346495e-01,4.381380208898359718e-02,5.085227272727272929e-01
1.800000000000000000e+02,5.113636363636363535e-01,5.132818597749980727e-01,5.165371145484005944e-02,5.113636363636363535e-01
1.810000000000000000e+02,5.142045454545454142e-01,6.502274573570122618e-01,6.043704412328743114e-02,5.142045454545454142e-01
1.820000000000000000e+02,5.170454545454545858e-01,7.087668525350460103e-01,6.641248294063695212e-02,5.170454545454545858e-01
1.830000000000000000e+02,5.198863636363636465e-01,4.736189722185349948e-01,4.073238740658970819e-02,5.198863636363636465e-01
1.840000000000000000e+02,5.227272727272727071e-01,6.640314904225081971e-01,6.372840335840322668e-02,5.227272727272727071e-01
1.850000000000000000e+02,5.255681818181817677e-01,5.366663922796984787e-01,3.962551014990568776e-02,5.255681818181817677e-01
1.860000000000000000e+02,5.284090909090909394e-01,5.572794929914550721e-01,5.012613390016894266e-02,5.284090909090909394e-01
1.870000000000000000e+02,5.312500000000000000e-01,4.900038253124315846e-01,4.456962676907756660e-02,5.312500000000000000e-01
1.880000000000000000e+02,5.340909090909090606e-01,5.740609045499140972e-01,5.182023600646045586e-02,5.340909090909090606e-01
1.890000000000000000e+02,5.369318181818182323e-01,5.376464719225946265e-01,4.714078481169276663e-02,5.369318181818182323e-01
1.900000000000000000e+02,5.397727272727272929e-01,5.901049431134434142e-01,5.560914388013325771e-02,5.397727272727272929e-01
1.910000000000000000e+02,5.426136363636363535e-01,4.227024266829700339e-01,3.555637301071465362e-02,5.426136363636363535e-01
1.920000000000000000e+02,5.454545454545454142e-01,5.648546330014988515e-01,4.606386876628756205e-02,5.454545454545454142e-01
1.930000000000000000e+02,5.482954545454545858e-01,5.067570777736984944e-01,5.294374841450363856e-02,5.482954545454545858e-01
1.940000000000000000e+02,5.511363636363636465e-01,5.759849322094866553e-01,4.527050553188648185e-02,5.511363636363636465e-01
1.950000000000000000e+02,5.539772727272727071e-01,5.283638737099071170e-01,5.103973318405319315e-02,5.539772727272727071e-01
1.960000000000000000e+02,5.568181818181817677e-01,5.836955761962604461e-01,4.531774758813325588e-02,5.568181818181817677e-01
1.970000000000000000e+02,5.596590909090909394e-01,5.698927696335955861e-01,4.549477237892791959e-02,5.596590909090909394e-01
1.980000000000000000e+02,5.625000000000000000e-01,6.197707784207214798e-01,4.913910846962366713e-02,5.625000000000000000e-01
1.990000000000000000e+02,5.653409090909090606e-01,5.308640966048627785e-01,4.764736987383907246e-02,5.653409090909090606e-01
2.000000000000000000e+02,5.681818181818182323e-01,5.986588755990607247e-01,5.082328374592778863e-02,5.681818181818182323e-01
2.010000000000000000e+02,5.710227272727272929e-01,5.399698068879544843e-01,4.607153082540343253e-02,5.710227272727272929e-01
2.020000000000000000e+02,5.738636363636363535e-01,5.473754611654363389e-01,4.739016911231192647e-02,5.738636363636363535e-01
2.030000000000000000e+02,5.767045454545454142e-01,6.423346310878368381e-01,5.961242304548033943e-02,5.767045454545454142e-01
2.040000000000000000e+02,5.795454545454545858e-01,6.505641291700049456e-01,5.559492976889957722e-02,5.795454545454545858e-01
2.050000000000000000e+02,5.823863636363636465e-01,5.565626555943885556e-01,4.611442022620090841e-02,5.823863636363636465e-01
2.060000000000000000e+02,5.852272727272727071e-01,5.797077958923545493e-01,4.718771926202296185e-02,5.852272727272727071e-01
2.070000000000000000e+02,5.880681818181817677e-01,4.938490221336096497e-01,3.934432406424639983e-02,5.880681818181817677e-01
2.080000000000000000e+02,5.909090909090909394e-01,6.737148456525483553e-01,5.679776762952096214e-02,5.909090909090909394e-01
2.090000000000000000e+02,5.937500000000000000e-01,5.367549017704318359e-01,4.260045099507459021e-02,5.937500000000000000e-01
2.100000000000000000e+02,5.965909090909090606e-01,6.622778820599383165e-01,6.337582658349447118e-02,5.965909090909090606e-01
2.110000000000000000e+02,5.994318181818182323e-01,5.210701643594942700e-01,4.661092235149539437e-02,5.994318181818182323e-01
2.120000000000000000e+02,6.022727272727272929e-01,5.772014375450763568e-01,5.028895481820949004e-02,6.022727272727272929e-01
2.130000000000000000e+02,6.051136363636363535e-01,5.009724910482687976e-01,4.213822026954429367e-02,6.051136363636363535e-01
2.140000000000000000e+02,6.079545454545454142e-01,5.339564824655858022e-01,4.736373606686159615e-02,6.079545454545454142e-01
2.150000000000000000e+02,6.107954545454545858e-01,6.083440047194881295e-01,6.274770910043050987e-02,6.107954545454545858e-01
2.160000000000000000e+02,6.136363636363636465e-01,6.866693075830663240e-01,5.366055120938501011e-02,6.136363636363636465e-01
2.170000000000000000e+02,6.164772727272727071e-01,4.928526053696249964e-01,4.664807183239076671e-02,6.164772727272727071e-01
2.180000000000000000e+02,6.193181818181817677e-01,6.655749899094359767e-01,6.089971191698378972e-02,6.193181818181817677e-01
2.190000000000000000e+02,6.221590909090909394e-01,6.245529464684407284e-01,5.048935657899598223e-02,6.221590909090909394e-01
2.200000000000000000e+02,6.250000000000000000e-01,6.641119293806448942e-01,5.454657785243838958e-02,6.250000000000000000e-01
2.210000000000000000e+02,6.278409090909090606e-01,5.118433227062375579e-01,3.898663641848493233e-02,6.278409090909090606e-01
2.220000000000000000e+02,6.306818181818182323e-01,6.007996369123743685e-01,4.793988097419323718e-02,6.306818181818182323e-01
2.230000000000000000e+02,6.335227272727272929e-01,6.117066628384744131e-01,4.624684078322413572e-02,6.335227272727272929e-01
2.240000000000000000e+02,6.363636363636363535e-01,5.841557249879150149e-01,5.016961920740435621e-02,6.363636363636363535e-01
2.250000000000000000e+02,6.392045454545454142e-01,6.192408180594515255e-01,6.399316975475298486e-02,6.392045454545454142e-01
2.260000000000000000e+02,6.420454545454545858e-01,5.890881264550658081e-01,5.427096880686549385e-02,6.420454545454545858e-01
2.270000000000000000e+02,6.448863636363636465e-01,5.208822993951007785e-01,5.243862722813647653e-02,6.448863636363636465e-01
2.280000000000000000e+02,6.477272727272727071e-01,5.818862231494202897e-01,5.772550692198409605e-02,6.477272727272727071e-01
2.290000000000000000e+02,6.505681818181817677e-01,6.477079301978584391e-01,5.538833698274431283e-02,6.505681818181817677e-01
2.300000000000000000e+02,6.534090909090909394e-01,6.874039928908113328e-01,6.030935674004096747e-02,6.534090909090909394e-01
2.310000000000000000e+02,6.562500000000000000e-01,6.761338672239700642e-01,5.799410719094798966e-02,6.562500000000000000e-01
2.320000000000000000e+02,6.590909090909090606e-01,6.336186483096627464e-01,6.096214296999406812e-02,6.590909090909090606e-01
2.330000000000000000e+02,6.619318181818182323e-01,6.285805079369634063e-01,6.210661062766230367e-02,6.619318181818182323e-01
2.340000000000000000e+02,6.647727272727272929e-01,7.420298595650249851e-01,6.551296186462857163e-02,6.647727272727272929e-01
2.350000000000000000e+02,6.676136363636363535e-01,6.394320412768622619e-01,5.411173579922574223e-02,6.676136363636363535e-01
2.360000000000000000e+02,6.704545454545454142e-01,6.012108772376882904e-01,4.955543350853659768e-02,6.704545454545454142e-01
2.370000000000000000e+02,6.732954545454545858e-01,6.588673120070323019e-01,5.196274009018225087e-02,6.732954545454545858e-01
2.380000000000000000e+02,6.761363636363636465e-01,7.450128268550829658e-01,6.769270579081906880e-02,6.761363636363636465e-01
2.390000000000000000e+02,6.789772727272727071e-01,7.127882303652132157e-01,6.598478945742825008e-02,6.789772727272727071e-01
2.400000000000000000e+02,6.818181818181817677e-01,6.525044644613803291e-01,6.208219008595074889e-02,6.818181818181817677e-01
2.410000000000000000e+02,6.846590909090909394e-01,7.081871178869885153e-01,6.850361525703227428e-02,6.846590909090909394e-01
2.420000000000000000e+02,6.875000000000000000e-01,7.093042668259346151e-01,5.671620686410459161e-02,6.875000000000000000e-01
2.430000000000000000e+02,6.903409090909090606e-01,6.086263410909852345e-01,5.407846307258876162e-02,6.903409090909090606e-01
2.440000000000000000e+02,6.931818181818182323e-01,6.118704655421133287e-01,5.695773620763507072e-02,6.931818181818182323e-01
2.450000000000000000e+02,6.960227272727272929e-01,6.104989253899932855e-01,5.844613639645469122e-02,6.960227272727272929e-01
2.460000000000000000e+02,6.988636363636363535e-01,6.183384017556701195e-01,5.808007233277379805e-02,6.988636363636363535e-01
2.470000000000000000e+02,7.017045454545454142e-01,6.490626319798548094e-01,5.599575593486693509e-02,7.017045454545454142e-01
2.480000000000000000e+02,7.045454545454545858e-01,8.931718112873339166e-01,7.164401166079290006e-02,7.045454545454545858e-01
2.490000000000000000e+02,7.073863636363636465e-01,6.050667283906813187e-01,4.877285129011914300e-02,7.073863636363636465e-01
2.500000000000000000e+02,7.102272727272727071e-01,7.461355932829730753e-01,6.328908883914242944e-02,7.102272727272727071e-01
2.510000000000000000e+02,7.130681818181817677e-01,5.495612023769840260e-01,4.421808283081255647e-02,7.130681818181817677e-01
2.520000000000000000e+02,7.159090909090909394e-01,6.223635851046320777e-01,5.244454920758834238e-02,7.159090909090909394e-01
2.530000000000000000e+02,7.187500000000000000e-01,5.878401474461488752e-01,5.830314558459741975e-02,7.187500000000000000e-01
2.540000000000000000e+02,7.215909090909090606e-01,7.226964541467201242e-01,5.786869870349285044e-02,7.215909090909090606e-01
2.550000000000000000e+02,7.244318181818182323e-01,6.290526244775873632e-01,5.662040466507396730e-02,7.244318181818182323e-01
2.560000000000000000e+02,7.272727272727272929e-01,7.137095632327155048e-01,6.588719045732838175e-02,7.272727272727272929e-01
2.570000000000000000e+02,7.301136363636363535e-01,5.718272889914416401e-01,4.789340288519274014e-02,7.301136363636363535e-01
2.580000000000000000e+02,7.329545454545454142e-01,7.286651453814675383e-01,6.230527704587086879e-02,7.329545454545454142e-01
2.590000000000000000e+02,7.357954545454545858e-01,6.085536688229752356e-01,5.761937406785243299e-02,7.357954545454545858e-01
2.600000000000000000e+02,7.386363636363636465e-01,7.096394354351739375e-01,6.495656994886972457e-02,7.386363636363636465e-01
2.610000000000000000e+02,7.414772727272727071e-01,7.011040828181898110e-01,6.269326617641880761e-02,7.414772727272727071e-01
2.620000000000000000e+02,7.443181818181817677e-01,6.124597172235171083e-01,5.452775896070887612e-02,7.443181818181817677e-01
2.630000000000000000e+02,7.471590909090909394e-01,6.664362938815191484e-01,5.571368329982753775e-02,7.471590909090909394e-01
2.640000000000000000e+02,7.500000000000000000e-01,7.204734687344565014e-01,6.287492306427243383e-02,7.500000000000000000e-01
2.650000000000000000e+02,7.528409090909090606e-01,6.521102703114970423e-01,6.892295110628743338e-02,7.528409090909090606e-01
2.660000000000000000e+02,7.556818181818182323e-01,7.522330394782205110e-01,7.239397124887586576e-02,7.556818181818182323e-01
2.670000000000000000e+02,7.585227272727272929e-01,7.451163361235227933e-01,6.339018835405269003e-02,7.585227272727272929e-01
2.680000000000000000e+02,7.613636363636363535e-01,9.438533935024017163e-01,9.957430538456010782e-02,7.613636363636363535e-01
2.690000000000000000e+02,7.642045454545454142e-01,7.060364291819226645e-01,5.828792082488060827e-02,7.642045454545454142e-01
2.700000000000000000e+02,7.670454545454545858e-01,7.702965475207308454e-01,6.632647677357703109e-02,7.670454545454545858e-01
2.710000000000000000e+02,7.698863636363636465e-01,5.771712569200424525e-01,4.780870126116547325e-02,7.698863636363636465e-01
2.720000000000000000e+02,7.727272727272727071e-01,7.465871037056126536e-01,6.927745580571501027e-02,7.727272727272727071e-01
2.730000000000000000e+02,7.755681818181817677e-01,6.920857642782434205e-01,5.387168002125290039e-02,7.755681818181817677e-01
2.740000000000000000e+02,7.784090909090909394e-01,6.785740745526628315e-01,6.374030446040249154e-02,7.784090909090909394e-01
2.750000000000000000e+02,7.812500000000000000e-01,7.200374880107915931e-01,6.492043041851747187e-02,7.812500000000000000e-01
2.760000000000000000e+02,7.840909090909090606e-01,8.126382368252998978e-01,6.961978686326199262e-02,7.840909090909090606e-01
2.770000000000000000e+02,7.869318181818182323e-01,6.374355934454879469e-01,5.340821388998968910e-02,7.869318181818182323e-01
2.780000000000000000e+02,7.897727272727272929e-01,6.706433517440032466e-01,5.614365699565400381e-02,7.897727272727272929e-01
2.790000000000000000e+02,7.926136363636363535e-01,8.027965881853231789e-01,7.743263425854153559e-02,7.926136363636363535e-01
2.800000000000000000e+02,7.954545454545454142e-01,7.504918002846651115e-01,6.550154041196039334e-02,7.954545454545454142e-01
2.810000000000000000e+02,7.982954545454545858e-01,7.335043864287539295e-01,6.997431014588006981e-02,7.982954545454545858e-01
2.820000000000000000e+02,8.011363636363636465e-01,7.392464706704152677e-01,7.616957855692688129e-02,8.011363636363636465e-01
2.830000000000000000e+02,8.039772727272727071e-01,6.856658881927679694e-01,5.820306997906816299e-02,8.039772727272727071e-01
2.840000000000000000e+02,8.068181818181817677e-01,8.023475015379446518e-01,7.474470233383670448e-02,8.068181818181817677e-01
2.850000000000000000e+02,8.096590909090909394e-01,6.282281993244256402e-01,4.728913440003990054e-02,8.096590909090909394e-01
2.860000000000000000e+02,8.125000000000000000e-01,7.009506155020333029e-01,6.405556769607999301e-02,8.125000000000000000e-01
2.870000000000000000e+02,8.153409090909090606e-01,7.022248667811906708e-01,6.228158639863276558e-02,8.153409090909090606e-01
2.880000000000000000e+02,8.181818181818182323e-01,7.808419389468964633e-01,7.180080946142776421e-02,8.181818181818182323e-01
2.890000000000000000e+02,8.210227272727272929e-01,7.052647777459957190e-01,6.198454316718498419e-02,8.210227272727272929e-01
2.900000000000000000e+02,8.238636363636363535e-01,8.075399755784823386e-01,8.508614925557868303e-02,8.238636363636363535e-01
2.910000000000000000e+02,8.267045454545454142e-01,7.184596522663354579e-01,6.060224878500721640e-02,8.267045454545454142e-01
2.920000000000000000e+02,8.295454545454545858e-01,9.668000569790272669e-01,8.473779202260926791e-02,8.295454545454545858e-01
2.930000000000000000e+02,8.323863636363636465e-01,7.870508979043349118e-01,6.670477369246581578e-02,8.323863636363636465e-01
2.940000000000000000e+02,8.352272727272727071e-01,7.343858572667627538e-01,6.688624033154158544e-02,8.352272727272727071e-01
2.950000000000000000e+02,8.380681818181817677e-01,6.230236776483351058e-01,5.472939494521508741e-02,8.380681818181817677e-01
2.960000000000000000e+02,8.409090909090909394e-01,7.973824269393495756e-01,7.120612661744922522e-02,8.409090909090909394e-01
2.970000000000000000e+02,8.437500000000000000e-01,7.878708059626414739e-01,6.586292664519646789e-02,8.437500000000000000e-01
2.980000000000000000e+02,8.465909090909090606e-01,8.646133182969776287e-01,6.927737427912181167e-02,8.465909090909090606e-01
2.990000000000000000e+02,8.494318181818182323e-01,7.308342247518176960e-01,5.688047738893590999e-02,8.494318181818182323e-01
3.000000000000000000e+02,8.522727272727272929e-01,7.691208681220692567e-01,6.248771538132567166e-02,8.522727272727272929e-01
3.010000000000000000e+02,8.551136363636363535e-01,7.182749319325310022e-01,6.155866957976992293e-02,8.551136363636363535e-01
3.020000000000000000e+02,8.579545454545454142e-01,9.074970258052988958e-01,7.790589358555959076e-02,8.579545454545454142e-01
3.030000000000000000e+02,8.607954545454545858e-01,7.056010370382357344e-01,6.184858274009767676e-02,8.607954545454545858e-01
3.040000000000000000e+02,8.636363636363636465e-01,8.440567442235127338e-01,8.033365494270591767e-02,8.636363636363636465e-01
3.050000000000000000e+02,8.664772727272727071e-01,8.048448846265385814e-01,7.054841860728826297e-02,8.664772727272727071e-01
3.060000000000000000e+02,8.693181818181817677e-01,7.522927058737206574e-01,6.234574857646101725e-02,8.693181818181817677e-01
3.070000000000000000e+02,8.721590909090909394e-01,6.303863314600144374e-01,5.487304307172299889e-02,8.721590909090909394e-01
3.080000000000000000e+02,8.750000000000000000e-01,7.352263196189645633e-01,6.314833389886712056e-02,8.750000000000000000e-01
3.090000000000000000e+02,8.778409090909090606e-01,7.475940355095797019e-01,6.156790984689018698e-02,8.778409090909090606e-01
3.100000000000000000e+02,8.806818181818182323e-01,7.926021525287478831e-01,7.436638970419175154e-02,8.806818181818182323e-01
3.110000000000000000e+02,8.835227272727272929e-01,7.522884085527447029e-01,6.304830208093291366e-02,8.835227272727272929e-01
3.120000000000000000e+02,8.863636363636363535e-01,8.233183385939509824e-01,7.021894259302692565e-02,8.863636363636363535e-01
3.130000000000000000e+02,8.892045454545454142e-01,6.874416892123786926e-01,5.381244265041472408e-02,8.892045454545454142e-01
3.140000000000000000e+02,8.920454545454545858e-01,7.930852482627724909e-01,7.212429022927389910e-02,8.920454545454545858e-01
3.150000000000000000e+02,8.948863636363636465e-01,7.391468360153670147e-01,6.378624637385829632e-02,8.948863636363636465e-01
3.160000000000000000e+02,8.977272727272727071e-01,7.367638129488777166e-01,5.495863091938822664e-02,8.977272727272727071e-01
3.170000000000000000e+02,9.005681818181817677e-01,8.831620123910971509e-01,8.879296547908334392e-02,9.005681818181817677e-01
3.180000000000000000e+02,9.034090909090909394e-01,8.719029851883490778e-01,8.342153868770948999e-02,9.034090909090909394e-01
3.190000000000000000e+02,9.062500000000000000e-01,7.890165988129386188e-01,7.470294470234878359e-02,9.062500000000000000e-01
3.200000000000000000e+02,9.090909090909090606e-01,8.170408134634068453e-01,8.022742906353820536e-02,9.090909090909090606e-01
3.210000000000000000e+02,9.119318181818182323e-01,7.974701913649490104e-01,7.087500020932799294e-02,9.119318181818182323e-01
3.220000000000000000e+02,9.147727272727272929e-01,7.391249688599096368e-01,6.110031847546035233e-02,9.147727272727272929e-01
3.230000000000000000e+02,9.176136363636363535e-01,6.886810645104836093e-01,6.050886035643717603e-02,9.176136363636363535e-01
3.240000000000000000e+02,9.204545454545454142e-01,9.222532820048718882e-01,8.621686694011856944e-02,9.204545454545454142e-01
3.250000000000000000e+02,9.232954545454545858e-01,7.383595408391152581e-01,6.061188943724071798e-02,9.232954545454545858e-01
3.260000000000000000e+02,9.261363636363636465e-01,7.443361097739660259e-01,6.203162916925496900e-02,9.261363636363636465e-01
3.270000000000000000e+02,9.289772727272727071e-01,7.660680021094641301e-01,7.813763640876919547e-02,9.289772727272727071e-01
3.280000000000000000e+02,9.318181818181817677e-01,6.749845602106390174e-01,5.969010367114594567e-02,9.318181818181817677e-01
3.290000000000000000e+02,9.346590909090909394e-01,7.087073393201649418e-01,5.807107883216488381e-02,9.346590909090909394e-01
3.300000000000000000e+02,9.375000000000000000e-01,7.650237804637509687e-01,5.469257560456811801e-02,9.375000000000000000e-01
3.310000000000000000e+02,9.403409090909090606e-01,7.712145844748530266e-01,6.487654446788546081e-02,9.403409090909090606e-01
3.320000000000000000e+02,9.431818181818182323e-01,9.862007554023097811e-01,8.179300065488129268e-02,9.431818181818182323e-01
3.330000000000000000e+02,9.460227272727272929e-01,6.860671694825201117e-01,6.300143614482167642e-02,9.460227272727272929e-01
3.340000000000000000e+02,9.488636363636363535e-01,8.467314679625398410e-01,6.991533187430637453e-02,9.488636363636363535e-01
3.350000000000000000e+02,9.517045454545454142e-01,7.040853594825077222e-01,6.123654391058425822e-02,9.517045454545454142e-01
3.360000000000000000e+02,9.545454545454545858e-01,1.018244281015807218e+00,1.035896435997760434e-01,9.545454545454545858e-01
3.370000000000000000e+02,9.573863636363636465e-01,9.220902797330200462e-01,8.308109041815221751e-02,9.573863636363636465e-01
3.380000000000000000e+02,9.602272727272727071e-01,8.366365685494522308e-01,6.610671040749863114e-02,9.602272727272727071e-01
3.390000000000000000e+02,9.630681818181817677e-01,6.602253318260921100e-01,5.886405472439566744e-02,9.630681818181817677e-01
3.400000000000000000e+02,9.659090909090909394e-01,8.007594577834535876e-01,7.409597397894862603e-02,9.659090909090909394e-01
3.410000000000000000e+02,9.687500000000000000e-01,8.156422862755065006e-01,7.154811352004382397e-02,9.687500000000000000e-01
3.420000000000000000e+02,9.715909090909090606e-01,7.948381113998693737e-01,6.914243469823398713e-02,9.715909090909090606e-01
3.430000000000000000e+02,9.744318181818182323e-01,7.585782091273822747e-01,6.572993914992515674e-02,9.744318181818182323e-01
3.440000000000000000e+02,9.772727272727272929e-01,8.946529413063671887e-01,7.233951440221277063e-02,9.772727272727272929e-01
3.450000000000000000e+02,9.801136363636363535e-01,6.955166963393200064e-01,7.703896785289816862e-02,9.801136363636363535e-01
3.460000000000000000e+02,9.829545454545454142e-01,9.800926260854463390e-01,8.724233364634616239e-02,9.829545454545454142e-01
3.470000000000000000e+02,9.857954545454545858e-01,7.921146197605485328e-01,6.161606597639006366e-02,9.857954545454545858e-01
3.480000000000000000e+02,9.886363636363636465e-01,8.000303317979485795e-01,6.474422815644176321e-02,9.886363636363636465e-01
3.490000000000000000e+02,9.914772727272727071e-01,7.935215107687263458e-01,7.040591666681422778e-02,9.914772727272727071e-01
3.500000000000000000e+02,9.943181818181817677e-01,7.427142376866324724e-01,7.286141005662806480e-02,9.943181818181817677e-01
3.510000000000000000e+02,9.971590909090909394e-01,7.304371259771361702e-01,7.300774662729911380e-02,9.971590909090909394e-01
3.520000000000000000e+02,1.000000000000000000e+00,9.764803935636570120e-01,1.012102804848421939e-01,1.000000000000000000e+00
3.530000000000000000e+02,1.002840909090909172e+00,7.326782952454646836e-01,6.954858880121767006e-02,1.000000000000000000e+00
3.540000000000000000e+02,1.005681818181818121e+00,8.464266624648026927e-01,7.957381250797597450e-02,1.000000000000000000e+00
3.550000000000000000e+02,1.008522727272727293e+00,7.294016425762637201e-01,6.810314324524266438e-02,1.000000000000000000e+00
3.560000000000000000e+02,1.011363636363636465e+00,8.207675879032407806e-01,7.730224675377873889e-02,1.000000000000000000e+00
3.570000000000000000e+02,1.014204545454545414e+00,8.295641633001025195e-01,6.997157833516888525e-02,1.000000000000000000e+00
3.580000000000000000e+02,1.017045454545454586e+00,8.224493817241822491e-01,6.201338936731131540e-02,1.000000000000000000e+00
3.590000000000000000e+02,1.019886363636363535e+00,8.438911723047703983e-01,6.955861940587727832e-02,1.000000000000000000e+00
3.600000000000000000e+02,1.022727272727272707e+00,7.409816664198979330e-01,6.948175871799962267e-02,1.000000000000000000e+00
3.610000000000000000e+02,1.025568181818181879e+00,7.553030540143085281e-01,6.546056251995957531e-02,1.000000000000000000e+00
3.620000000000000000e+02,1.028409090909090828e+00,7.973078867473358811e-01,6.398092549694794906e-02,1.000000000000000000e+00
3.630000000000000000e+02,1.031250000000000000e+00,8.069730918379903750e-01,5.899502308658138156e-02,1.000000000000000000e+00
3.640000000000000000e+02,1.034090909090909172e+00,7.449285495076156671e-01,6.128966706847469720e-02,1.000000000000000000e+00
3.650000000000000000e+02,1.036931818181818121e+00,8.424632720858251655e-01,7.865278197993857967e-02,1.000000000000000000e+00
3.660000000000000000e+02,1.039772727272727293e+00,8.731645929688471863e-01,7.270297782315275625e-02,1.000000000000000000e+00
3.670000000000000000e+02,1.042613636363636465e+00,7.464982665327707378e-01,6.452435962268329717e-02,1.000000000000000000e+00
3.680000000000000000e+02,1.045454545454545414e+00,8.366855171614069331e-01,8.581870135107327879e-02,1.000000000000000000e+00
3.690000000000000000e+02,1.048295454545454586e+00,7.876003545389058669e-01,6.876725350936072068e-02,1.000000000000000000e+00
3.700000000000000000e+02,1.051136363636363535e+00,8.069528924381580426e-01,7.014799209482576459e-02,1.000000000000000000e+00
3.710000000000000000e+02,1.053977272727272707e+00,9.071064301323247259e-01,8.791770959757534698e-02,1.000000000000000000e+00
3.720000000000000000e+02,1.056818181818181879e+00,8.504310993730824775e-01,6.912904373357667276e-02,1.000000000000000000e+00
3.730000000000000000e+02,1.059659090909090828e+00,7.849765462803025562e-01,5.592514599991504215e-02,1.000000000000000000e+00
3.740000000000000000e+02,1.062500000000000000e+00,8.948448924352481182e-01,7.585161107294834115e-02,1.000000000000000000e+00
3.750000000000000000e+02,1.065340909090909172e+00,9.332879157757854038e-01,8.927145416146248236e-02,1.000000000000000000e+00
3.760000000000000000e+02,1.068181818181818121e+00,7.519269265495224230e-01,5.959353765949291365e-02,1.000000000000000000e+00
3.770000000000000000e+02,1.071022727272727293e+00,9.712461415456672409e-01,9.087819277713621302e-02,1.000000000000000000e+00
3.780000000000000000e+02,1.073863636363636465e+00,7.695320090188061402e-01,7.216923593161844730e-02,1.000000000000000000e+00
3.790000000000000000e+02,1.076704545454545414e+00,7.030177407347830698e-01,5.189080537962469097e-02,1.000000000000000000e+00
3.800000000000000000e+02,1.079545454545454586e+00,8.102975980177298254e-01,6.619241282294591189e-02,1.000000000000000000e+00
3.810000000000000000e+02,1.082386363636363535e+00,8.626909787661952711e-01,7.473177277248665984e-02,1.000000000000000000e+00
3.820000000000000000e+02,1.085227272727272707e+00,7.984999573770669157e-01,6.950601423523673772e-02,1.000000000000000000e+00
3.830000000000000000e+02,1.088068181818181879e+00,8.727633478931225985e-01,7.726392175618981839e-02,1.000000000000000000e+00
3.840000000000000000e+02,1.090909090909090828e+00,9.210534564146233283e-01,9.336667079498502109e-02,1.000000000000000000e+00
3.850000000000000000e+02,1.093750000000000000e+00,8.141986786678073740e-01,8.151130749434375156e-02,1.000000000000000000e+00
3.860000000000000000e+02,1.096590909090909172e+00,8.767681678569415604e-01,6.621727285039874511e-02,1.000000000000000000e+00
3.870000000000000000e+02,1.099431818181818121e+00,7.500137536134509064e-01,6.211795024078588939e-02,1.000000000000000000e+00
3.880000000000000000e+02,1.102272727272727293e+00,9.088476353539857167e-01,7.642552509898681290e-02,1.000000000000000000e+00
3.890000000000000000e+02,1.105113636363636465e+00,9.354015636039761938e-01,8.333892767336741059e-02,1.000000000000000000e+00
3.900000000000000000e+02,1.107954545454545414e+00,1.017666793021735572e+00,8.691617979654268911e-02,1.000000000000000000e+00
3.910000000000000000e+02,1.110795454545454586e+00,7.319111186202331698e-01,6.449373874533377571e-02,1.000000000000000000e+00
3.920000000000000000e+02,1.113636363636363535e+00,8.193437472826325951e-01,8.654669473356212117e-02,1.000000000000000000e+00
3.930000000000000000e+02,1.116477272727272707e+00,6.655267660569216259e-01,5.077544033528040568e-02,1.000000000000000000e+00
3.940000000000000000e+02,1.119318181818181879e+00,8.142685336819707187e-01,7.178350446835077281e-02,1.000000000000000000e+00
3.950000000000000000e+02,1.122159090909090828e+00,8.731807514223997035e-01,8.439814852937578549e-02,1.000000000000000000e+00
3.960000000000000000e+02,1.125000000000000000e+00,7.106586981962228489e-01,6.436936735919249197e-02,1.000000000000000000e+00
3.970000000000000000e+02,1.127840909090909172e+00,7.629923389840425063e-01,6.931336453461804659e-02,1.000000000000000000e+00
3.980000000000000000e+02,1.130681818181818121e+00,8.432479572732523021e-01,7.508698732695595623e-02,1.000000000000000000e+00
3.990000000000000000e+02,1.133522727272727293e+00,7.654210589939968168e-01,6.594406868087716866e-02,1.000000000000000000e+00
4.000000000000000000e+02,1.136363636363636465e+00,7.760441245668368015e-01,7.473853166234459278e-02,1.000000000000000000e+00
4.010000000000000000e+02,1.139204545454545414e+00,9.162417013146972877e-01,6.787380451975774664e-02,1.000000000000000000e+00
4.020000000000000000e+02,1.142045454545454586e+00,7.927302973380982998e-01,7.417639821654066490e-02,1.000000000000000000e+00
4.030000000000000000e+02,1.144886363636363535e+00,8.689502841765215368e-01,8.149741388330887515e-02,1.000000000000000000e+00
4.040000000000000000e+02,1.147727272727272707e+00,8.794754880042400247e-01,7.422285772204713361e-02,1.000000000000000000e+00
4.050000000000000000e+02,1.150568181818181879e+00,8.444708147400021847e-01,6.728630572096058748e-02,1.000000000000000000e+00
4.060000000000000000e+02,1.153409090909090828e+00,9.074468864966558357e-01,8.019513273916770157e-02,1.000000000000000000e+00
4.070000000000000000e+02,1.156250000000000000e+00,8.339888691603604132e-01,7.708958450005104490e-02,1.000000000000000000e+00
4.080000000000000000e+02,1.159090909090909172e+00,9.890613318459591241e-01,7.978005842383682766e-02,1.000000000000000000e+00
4.090000000000000000e+02,1.161931818181818121e+00,9.862325829515332654e-01,8.349301380346892121e-02,1.000000000000000000e+00
4.100000000000000000e+02,1.164772727272727293e+00,8.546972782913121458e-01,7.463424142634478287e-02,1.000000000000000000e+00
4.110000000000000000e+02,1.167613636363636465e+00,8.452955416574948755e-01,7.464475107826433475e-02,1.000000000000000000e+00
4.120000000000000000e+02,1.170454545454545414e+00,9.222312685058866588e-01,8.120209427724763007e-02,1.000000000000000000e+00
4.130000000000000000e+02,1.173295454545454586e+00,8.546909003098348556e-01,8.550522603919681608e-02,1.000000000000000000e+00
4.140000000000000000e+02,1.176136363636363535e+00,8.499267611950253043e-01,8.096536727117742416e-02,1.000000000000000000e+00
4.150000000000000000e+02,1.178977272727272707e+00,8.327505536889630022e-01,6.782214319802881697e-02,1.000000000000000000e+00
4.160000000000000000e+02,1.181818181818181879e+00,8.576446006003685119e-01,7.129576720251976085e-02,1.000000000000000000e+00
4.170000000000000000e+02,1.184659090909090828e+00,8.031859633301626777e-01,7.205577560361620115e-02,1.000000000000000000e+00
4.180000000000000000e+02,1.187500000000000000e+00,9.319940949261155128e-01,8.362517402060097582e-02,1.000000000000000000e+00
4.190000000000000000e+02,1.190340909090909172e+00,8.212106151768613360e-01,6.960361276487582460e-02,1.000000000000000000e+00
4.200000000000000000e+02,1.193181818181818121e+00,9.332094908380828002e-01,8.315885692209951108e-02,1.000000000000000000e+00
4.210000000000000000e+02,1.196022727272727293e+00,8.561123987011975967e-01,8.130225808013309685e-02,1.000000000000000000e+00
4.220000000000000000e+02,1.198863636363636465e+00,9.135630331932863557e-01,7.208802115124177123e-02,1.000000000000000000e+00
4.230000000000000000e+02,1.201704545454545414e+00,9.177001363777129717e-01,8.813720417302822741e-02,1.000000000000000000e+00
4.240000000000000000e+02,1.204545454545454586e+00,9.426501088195687883e-01,8.690051051904515433e-02,1.000000000000000000e+00
4.250000000000000000e+02,1.207386363636363535e+00,9.444338888081030836e-01,1.060728594993305823e-01,1.000000000000000000e+00
4.260000000000000000e+02,1.210227272727272707e+00,8.558263693526244609e-01,7.258408187068902950e-02,1.000000000000000000e+00
4.270000000000000000e+02,1.213068181818181879e+00,8.200412581967811976e-01,7.368297237582777104e-02,1.000000000000000000e+00
4.280000000000000000e+02,1.215909090909090828e+00,9.185237915659016927e-01,7.737429543290305634e-02,1.000000000000000000e+00
4.290000000000000000e+02,1.218750000000000000e+00,8.901366982947763740e-01,8.819367609089558135e-02,1.000000000000000000e+00
4.300000000000000000e+02,1.221590909090909172e+00,9.651040239715253932e-01,8.617851868710180163e-02,1.000000000000000000e+00
4.310000000000000000e+02,1.224431818181818121e+00,9.806106599577949501e-01,8.377497331274461057e-02,1.000000000000000000e+00
4.320000000000000000e+02,1.227272727272727293e+00,8.910332020136303433e-01,7.227592124863031764e-02,1.000000000000000000e+00
4.330000000000000000e+02,1.230113636363636465e+00,8.936846824943782686e-01,6.991207151789294305e-02,1.000000000000000000e+00
4.340000000000000000e+02,1.232954545454545414e+00,8.716303933306398521e-01,8.276910623379779564e-02,1.000000000000000000e+00
4.350000000000000000e+02,1.235795454545454586e+00,8.219625962107397488e-01,6.986809604279575758e-02,1.000000000000000000e+00
4.360000000000000000e+02,1.238636363636363535e+00,9.507228862224920141e-01,8.090398838136664272e-02,1.000000000000000000e+00
4.370000000000000000e+02,1.241477272727272707e+00,8.546798494707930072e-01,6.989963817187959394e-02,1.000000000000000000e+00
4.380000000000000000e+02,1.244318181818181879e+00,9.585306210356030476e-01,8.574384280308430806e-02,1.000000000000000000e+00
4.390000000000000000e+02,1.247159090909090828e+00,9.160276410671899239e-01,8.136787628731510791e-02,1.000000000000000000e+00
4.400000000000000000e+02,1.250000000000000000e+00,1.007333026108399032e+00,9.745382429924150103e-02,1.000000000000000000e+00
4.410000000000000000e+02,1.252840909090909172e+00,8.785142383815315315e-01,8.675048157481277111e-02,1.000000000000000000e+00
4.420000000000000000e+02,1.255681818181818121e+00,7.692252491004279991e-01,7.253989963054038870e-02,1.000000000000000000e+00
4.430000000000000000e+02,1.258522727272727293e+00,9.398484256009213000e-01,7.716269846103979146e-02,1.000000000000000000e+00
4.440000000000000000e+02,1.261363636363636465e+00,1.116669333720970547e+00,1.012570200574544055e-01,1.000000000000000000e+00
4.450000000000000000e+02,1.264204545454545414e+00,9.459994283118171587e-01,7.930664562508786541e-02,1.000000000000000000e+00
4.460000000000000000e+02,1.267045454545454586e+00,8.634112138809307835e-01,8.426359956439009868e-02,1.000000000000000000e+00
4.470000000000000000e+02,1.269886363636363535e+00,1.091293963134180034e+00,1.005014827244784942e-01,1.000000000000000000e+00
4.480000000000000000e+02,1.272727272727272707e+00,7.910981625297314190e-01,6.498661558362398005e-02,1.000000000000000000e+00
4.490000000000000000e+02,1.275568181818181879e+00,9.817669391276818702e-01,8.850454244698131856e-02,1.000000000000000000e+00
4.500000000000000000e+02,1.278409090909090828e+00,1.047559498181165782e+00,8.786403999025452216e-02,1.000000000000000000e+00
4.510000000000000000e+02,1.281250000000000000e+00,8.846037113390562423e-01,9.400234000336980811e-02,1.000000000000000000e+00
4.520000000000000000e+02,1.284090909090909172e+00,9.307502503174444053e-01,8.661524516707209964e-02,1.000000000000000000e+00
4.530000000000000000e+02,1.286931818181818121e+00,1.001048587265386258e+00,9.364121195924256236e-02,1.000000000000000000e+00
4.540000000000000000e+02,1.289772727272727293e+00,8.115867623244005236e-01,7.519320839585985627e-02,1.000000000000000000e+00
4.550000000000000000e+02,1.292613636363636465e+00,9.115295290727726263e-01,7.488721868064357468e-02,1.000000000000000000e+00
4.560000000000000000e+02,1.295454545454545414e+00,1.026266920231594826e+00,8.758262666187179024e-02,1.000000000000000000e+00
4.570000000000000000e+02,1.298295454545454586e+00,9.453129632058306919e-01,8.181449333885171260e-02,1.000000000000000000e+00
4.580000000000000000e+02,1.301136363636363535e+00,7.972417885351140709e-01,8.150298730573748984e-02,1.000000000000000000e+00
4.590000000000000000e+02,1.303977272727272707e+00,9.102383647485514651e-01,7.841255925636504698e-02,1.000000000000000000e+00
4.600000000000000000e+02,1.306818181818181879e+00,9.460159316199213686e-01,9.805949357902297991e-02,1.000000000000000000e+00
4.610000000000000000e+02,1.309659090909090828e+00,8.507072928477851237e-01,7.419575319614839237e-02,1.000000000000000000e+00
4.620000000000000000e+02,1.312500000000000000e+00,8.516594515473764337e-01,7.334083252417041010e-02,1.000000000000000000e+00
4.630000000000000000e+02,1.315340909090909172e+00,9.216485886625152002e-01,7.803114564873388226e-02,1.000000000000000000e+00
4.640000000000000000e+02,1.318181818181818121e+00,9.163638667107295577e-01,8.762446522145261874e-02,1.000000000000000000e+00
4.650000000000000000e+02,1.321022727272727293e+00,9.194341314958244249e-01,7.686428373876902365e-02,1.000000000000000000e+00
4.660000000000000000e+02,1.323863636363636465e+00,9.475274124145215415e-01,8.905603664349599768e-02,1.000000000000000000e+00
4.670000000000000000e+02,1.326704545454545414e+00,8.628650357897263978e-01,6.675593848714611589e-02,1.000000000000000000e+00
4.680000000000000000e+02,1.329545454545454586e+00,9.071039691908118208e-01,8.343334212982919662e-02,1.000000000000000000e+00
4.690000000000000000e+02,1.332386363636363535e+00,7.012887157951797068e-01,6.573809271420980038e-02,1.000000000000000000e+00
4.700000000000000000e+02,1.335227272727272707e+00,9.108975517457937876e-01,8.178641367572207777e-02,1.000000000000000000e+00
4.710000000000000000e+02,1.338068181818181879e+00,9.322961488771212002e-01,7.402397661751836111e-02,1.000000000000000000e+00
4.720000000000000000e+02,1.340909090909090828e+00,9.614929635408629993e-01,8.485607930576796742e-02,1.000000000000000000e+00
4.730000000000000000e+02,1.343750000000000000e+00,9.094867873037223438e-01,8.427362247773398374e-02,1.000000000000000000e+00
4.740000000000000000e+02,1.346590909090909172e+00,8.337860495900391022e-01,6.841519142811737508e-02,1.000000000000000000e+00
4.750000000000000000e+02,1.349431818181818121e+00,7.198921482905730196e-01,6.692383686407590848e-02,1.000000000000000000e+00
4.760000000000000000e+02,1.352272727272727293e+00,8.776768058927583160e-01,7.149696888859351229e-02,1.000000000000000000e+00
4.770000000000000000e+02,1.355113636363636465e+00,8.489863413348979204e-01,7.903173024596751861e-02,1.000000000000000000e+00
4.780000000000000000e+02,1.357954545454545414e+00,8.167228692359020936e-01,6.634057481385760568e-02,1.000000000000000000e+00
4.790000000000000000e+02,1.360795454545454586e+00,9.388844679782166747e-01,7.818803544226007873e-02,1.000000000000000000e+00
4.800000000000000000e+02,1.363636363636363535e+00,9.029467441216119106e-01,7.992395286162315426e-02,1.000000000000000000e+00
4.810000000000000000e+02,1.366477272727272707e+00,7.651163191466725522e-01,6.058864897160500668e-02,1.000000000000000000e+00
4.820000000000000000e+02,1.369318181818181879e+00,9.212399868957824589e-01,7.966823615406946890e-02,1.000000000000000000e+00
4.830000000000000000e+02,1.372159090909090828e+00,9.013109783226060934e-01,7.651253158339763050e-02,1.000000000000000000e+00
4.840000000000000000e+02,1.375000000000000000e+00,9.985292922481332489e-01,8.394426829577243676e-02,1.000000000000000000e+00
4.850000000000000000e+02,1.377840909090909172e+00,9.157620758403037797e-01,9.985664451271630826e-02,1.000000000000000000e+00
4.860000000000000000e+02,1.380681818181818121e+00,1.010840198487471753e+00,8.842908505636248861e-02,1.000000000000000000e+00
4.870000000000000000e+02,1.383522727272727293e+00,8.468641581050877498e-01,7.366790240567928916e-02,1.000000000000000000e+00
4.880000000000000000e+02,1.386363636363636465e+00,9.151417930737818507e-01,7.085886686698544823e-02,1.000000000000000000e+00
4.890000000000000000e+02,1.389204545454545414e+00,8.230843383334134344e-01,6.634869699904993867e-02,1.000000000000000000e+00
4.900000000000000000e+02,1.392045454545454586e+00,9.745031692445353944e-01,9.837617203526427545e-02,1.000000000000000000e+00
4.910000000000000000e+02,1.394886363636363535e+00,9.430325550359112130e-01,9.009655019177817414e-02,1.000000000000000000e+00
4.920000000000000000e+02,1.397727272727272707e+00,8.390883492387080089e-01,7.669713265301413008e-02,1.000000000000000000e+00
4.930000000000000000e+02,1.400568181818181879e+00,8.774410821262087490e-01,9.059146315792691861e-02,1.000000000000000000e+00
4.940000000000000000e+02,1.403409090909090828e+00,8.515063973267593678e-01,7.403865911055634852e-02,1.000000000000000000e+00
4.950000000000000000e+02,1.406250000000000000e+00,1.007606961122346823e+00,7.815879095207334259e-02,1.000000000000000000e+00
4.960000000000000000e+02,1.409090909090909172e+00,1.059805754747174644e+00,9.415541944404227925e-02,1.000000000000000000e+00
4.970000000000000000e+02,1.411931818181818121e+00,1.011659315166843376e+00,7.967560452850423747e-02,1.000000000000000000e+00
4.980000000000000000e+02,1.414772727272727293e+00,8.737656841635673688e-01,7.284475636901328877e-02,1.000000000000000000e+00
4.990000000000000000e+02,1.417613636363636465e+00,9.720929063169400086e-01,8.356338453779875441e-02,1.000000000000000000e+00
5.000000000000000000e+02,1.420454545454545414e+00,9.468970467947203096e-01,8.673807886019152535e-02,1.000000000000000000e+00
5.010000000000000000e+02,1.423295454545454586e+00,1.021982828234782037e+00,9.668676278505139443e-02,1.000000000000000000e+00
5.020000000000000000e+02,1.426136363636363535e+00,1.052056513154414841e+00,9.929388055779389544e-02,1.000000000000000000e+00
5.030000000000000000e+02,1.428977272727272707e+00,9.217881275403778663e-01,6.692662581695216217e-02,1.000000000000000000e+00
5.040000000000000000e+02,1.431818181818181879e+00,9.459994604797711260e-01,8.444435421974617884e-02,1.000000000000000000e+00
5.050000000000000000e+02,1.434659090909090828e+00,8.599657963003821681e-01,7.644730433731657115e-02,1.000000000000000000e+00
5.060000000000000000e+02,1.437500000000000000e+00,1.031190184138732313e+00,1.018029732343348065e-01,1.000000000000000000e+00
5.070000000000000000e+02,1.440340909090909172e+00,8.967185499059266984e-01,7.727309203191168319e-02,1.000000000000000000e+00
5.080000000000000000e+02,1.443181818181818121e+00,9.730651398538876506e-01,7.966463409916953176e-02,1.000000000000000000e+00
5.090000000000000000e+02,1.446022727272727293e+00,8.465460329183696064e-01,7.034590561803766295e-02,1.000000000000000000e+00
5.100000000000000000e+02,1.448863636363636465e+00,1.014630753460267654e+00,8.198341183043766911e-02,1.000000000000000000e+00
5.110000000000000000e+02,1.451704545454545414e+00,8.667874404873608940e-01,7.364649922508906266e-02,1.000000000000000000e+00
5.120000000000000000e+02,1.454545454545454586e+00,9.533039663328163327e-01,7.815724080848907018e-02,1.000000000000000000e+00
5.130000000000000000e+02,1.457386363636363535e+00,9.728769025310699536e-01,7.053029462486004597e-02,1.000000000000000000e+00
5.140000000000000000e+02,1.460227272727272707e+00,8.776762433124817298e-01,7.375118698953972429e-02,1.000000000000000000e+00
5.150000000000000000e+02,1.463068181818181879e+00,9.137442082798596932e-01,7.270327980922848543e-02,1.000000000000000000e+00
5.160000000000000000e+02,1.465909090909090828e+00,1.029346562734391624e+00,8.982338802875450279e-02,1.000000000000000000e+00
5.170000000000000000e+02,1.468750000000000000e+00,9.029893218877244054e-01,8.988182417357683252e-02,1.000000000000000000e+00
5.180000000000000000e+02,1.471590909090909172e+00,8.497277823155570120e-01,7.894885725258185549e-02,1.000000000000000000e+00
5.190000000000000000e+02,1.474431818181818121e+00,9.806752012441618538e-01,8.534510404261941297e-02,1.000000000000000000e+00
5.200000000000000000e+02,1.477272727272727293e+00,9.446378990531066888e-01,7.577799282477024057e-02,1.000000000000000000e+00
5.210000000000000000e+02,1.480113636363636465e+00,9.111704352474215840e-01,6.811633578041767501e-02,1.000000000000000000e+00
5.220000000000000000e+02,1.482954545454545414e+00,9.660974718082312451e-01,7.929209999991330970e-02,1.000000000000000000e+00
5.230000000000000000e+02,1.485795454545454586e+00,8.855025230979458595e-01,7.994481583918601475e-02,1.000000000000000000e+00
5.240000000000000000e+02,1.488636363636363535e+00,1.002632302677942233e+00,8.044213377266183629e-02,1.000000000000000000e+00
5.250000000000000000e+02,1.491477272727272707e+00,8.426869338168239132e-01,7.354114948771091342e-02,1.000000000000000000e+00
5.260000000000000000e+02,1.494318181818181879e+00,9.398023645487483257e-01,6.763826159990912745e-02,1.000000000000000000e+00
5.270000000000000000e+02,1.497159090909090828e+00,7.222099467222070635e-01,6.030862731708532681e-02,1.000000000000000000e+00
5.280000000000000000e+02,1.500000000000000000e+00,8.998021952192077899e-01,6.895413795381880040e-02,1.000000000000000000e+00
5.290000000000000000e+02,1.502840909090909172e+00,8.706739686726021610e-01,7.610514763418808892e-02,1.000000000000000000e+00
5.300000000000000000e+02,1.505681818181818121e+00,9.136618300437029383e-01,7.677790719474569814e-02,1.000000000000000000e+00
5.310000000000000000e+02,1.508522727272727293e+00,9.256427237136914954e-01,8.765563004813524406e-02,1.000000000000000000e+00
5.320000000000000000e+02,1.511363636363636465e+00,1.153702961249743586e+00,9.421730884420012608e-02,1.000000000000000000e+00
5.330000000000000000e+02,1.514204545454545414e+00,9.881468124699400724e-01,8.041254128405597723e-02,1.000000000000000000e+00
5.340000000000000000e+02,1.517045454545454586e+00,1.002238673869870533e+00,8.511674885188826034e-02,1.000000000000000000e+00
5.350000000000000000e+02,1.519886363636363535e+00,8.525312414732970634e-01,6.744554016525784734e-02,1.000000000000000000e+00
5.360000000000000000e+02,1.522727272727272707e+00,1.016638869337757933e+00,8.413385562377305449e-02,1.000000000000000000e+00
5.370000000000000000e+02,1.525568181818181879e+00,1.106951941375717618e+00,1.163591572084439196e-01,1.000000000000000000e+00
5.380000000000000000e+02,1.528409090909090828e+00,8.427459623589372839e-01,7.387810001252526071e-02,1.000000000000000000e+00
5.390000000000000000e+02,1.531250000000000000e+00,9.499214405158152852e-01,7.404895131758976179e-02,1.000000000000000000e+00
5.400000000000000000e+02,1.534090909090909172e+00,1.070326703443532423e+00,8.994241331330815603e-02,1.000000000000000000e+00
5.410000000000000000e+02,1.536931818181818121e+00,9.159689672023556550e-01,8.275995079740970650e-02,1.000000000000000000e+00
5.420000000000000000e+02,1.539772727272727293e+00,8.957578095135838581e-01,7.997133243873573438e-02,1.000000000000000000e+00
5.430000000000000000e+02,1.542613636363636465e+00,8.594309174773774318e-01,8.049164543581313613e-02,1.000000000000000000e+00
5.440000000000000000e+02,1.545454545454545414e+00,9.319971256221400990e-01,8.064597287739648512e-02,1.000000000000000000e+00
5.450000000000000000e+02,1.548295454545454586e+00,9.948495672020413183e-01,8.760675241443377503e-02,1.000000000000000000e+00
5.460000000000000000e+02,1.551136363636363535e+00,8.192772656186272373e-01,6.685348301300385321e-02,1.000000000000000000e+00
5.470000000000000000e+02,1.553977272727272707e+00,8.657254614119176406e-01,7.764098680461176127e-02,1.000000000000000000e+00
5.480000000000000000e+02,1.556818181818181879e+00,8.632417926733865210e-01,9.012920366426328822e-02,1.000000000000000000e+00
5.490000000000000000e+02,1.559659090909090828e+00,8.688687109885132598e-01,6.250716821062959894e-02,1.000000000000000000e+00
5.500000000000000000e+02,1.562500000000000000e+00,9.186715926429090961e-01,8.967556007788597683e-02,1.000000000000000000e+00
5.510000000000000000e+02,1.565340909090909172e+00,1.100620834016246663e+00,1.034999022715170913e-01,1.000000000000000000e+00
5.520000000000000000e+02,1.568181818181818121e+00,1.069663049345735084e+00,9.896567209168836976e-02,1.000000000000000000e+00
5.530000000000000000e+02,1.571022727272727293e+00,1.008333363527928128e+00,8.582878754356405848e-02,1.000000000000000000e+00
5.540000000000000000e+02,1.573863636363636465e+00,8.462580471898348833e-01,7.322060433127838830e-02,1.000000000000000000e+00
5.550000000000000000e+02,1.576704545454545414e+00,8.766845358710056990e-01,8.377502846036423423e-02,1.000000000000000000e+00
5.560000000000000000e+02,1.579545454545454586e+00,9.293835574665484378e-01,8.335898331685424878e-02,1.000000000000000000e+00
5.570000000000000000e+02,1.582386363636363535e+00,1.016421785151003787e+00,9.366273487871526471e-02,1.000000000000000000e+00
5.580000000000000000e+02,1.585227272727272707e+00,1.032952295270534115e+00,1.049621460072011070e-01,1.000000000000000000e+00
5.590000000000000000e+02,1.588068181818181879e+00,8.942517388631040509e-01,7.598321666745851133e-02,1.000000000000000000e+00
5.600000000000000000e+02,1.590909090909090828e+00,8.527938221502701088e-01,6.970200806995532905e-02,1.000000000000000000e+00
5.610000000000000000e+02,1.593750000000000000e+00,1.046841570234065877e+00,1.086032108469537766e-01,1.000000000000000000e+00
5.620000000000000000e+02,1.596590909090909172e+00,8.546833240502715867e-01,7.577740015778398897e-02,1.000000000000000000e+00
5.630000000000000000e+02,1.599431818181818121e+00,8.634049422306457888e-01,7.614214520246902207e-02,1.000000000000000000e+00
5.640000000000000000e+02,1.602272727272727293e+00,9.721414210211772877e-01,9.529954618013461443e-02,1.000000000000000000e+00
5.650000000000000000e+02,1.605113636363636465e+00,9.239403269358553716e-01,8.543492135309811719e-02,1.000000000000000000e+00
5.660000000000000000e+02,1.607954545454545414e+00,1.023379783133547605e+00,7.645154230621432900e-02,1.000000000000000000e+00
5.670000000000000000e+02,1.610795454545454586e+00,1.067928841261443829e+00,8.862311026302374661e-02,1.000000000000000000e+00
5.680000000000000000e+02,1.613636363636363535e+00,1.024384280771987843e+00,9.485336828005741516e-02,1.000000000000000000e+00
5.690000000000000000e+02,1.616477272727272707e+00,1.078198608900736488e+00,1.116861354464987327e-01,1.000000000000000000e+00
5.700000000000000000e+02,1.619318181818181879e+00,9.477774395427244203e-01,8.857513754609096235e-02,1.000000000000000000e+00
5.710000000000000000e+02,1.622159090909090828e+00,9.603619202720822257e-01,7.458779869317203048e-02,1.000000000000000000e+00
5.720000000000000000e+02,1.625000000000000000e+00,1.013142500048539674e+00,8.700624666576364796e-02,1.000000000000000000e+00
5.730000000000000000e+02,1.627840909090909172e+00,9.720041332657406441e-01,9.033031226665419466e-02,1.000000000000000000e+00
5.740000000000000000e+02,1.630681818181818121e+00,8.802231886952187612e-01,7.686168010962221575e-02,1.000000000000000000e+00
5.750000000000000000e+02,1.633522727272727293e+00,9.578918005376655387e-01,9.121762701045367516e-02,1.000000000000000000e+00
5.760000000000000000e+02,1.636363636363636465e+00,8.929493404820113556e-01,7.416199519052577016e-02,1.000000000000000000e+00
5.770000000000000000e+02,1.639204545454545414e+00,9.453765267756040203e-01,8.566363375054893148e-02,1.000000000000000000e+00
5.780000000000000000e+02,1.642045454545454586e+00,9.075742261255245191e-01,8.003992031336132351e-02,1.000000000000000000e+00
5.790000000000000000e+02,1.644886363636363535e+00,1.039750928697652066e+00,1.049938639118195433e-01,1.000000000000000000e+00
5.800000000000000000e+02,1.647727272727272707e+00,1.163119616106081722e+00,1.079229985290147964e-01,1.000000000000000000e+00
5.810000000000000000e+02,1.650568181818181879e+00,9.969109731283833931e-01,7.850923404872192646e-02,1.000000000000000000e+00
5.820000000000000000e+02,1.653409090909090828e+00,9.576889116904783172e-01,9.054806503940700246e-02,1.000000000000000000e+00
5.830000000000000000e+02,1.656250000000000000e+00,8.658699742092349494e-01,7.515897417390814128e-02,1.000000000000000000e+00
5.840000000000000000e+02,1.659090909090909172e+00,9.997420015027822515e-01,8.119478308755533058e-02,1.000000000000000000e+00
5.850000000000000000e+02,1.661931818181818121e+00,1.037019197432638817e+00,9.735390575616685582e-02,1.000000000000000000e+00
5.860000000000000000e+02,1.664772727272727293e+00,1.104560279240829113e+00,1.076222411197010898e-01,1.000000000000000000e+00
5.870000000000000000e+02,1.667613636363636465e+00,7.896054354070040082e-01,6.059844525436825641e-02,1.000000000000000000e+00
5.880000000000000000e+02,1.670454545454545414e+00,9.603660140987191340e-01,7.275776329311200996e-02,1.000000000000000000e+00
5.890000000000000000e+02,1.673295454545454586e+00,9.577876882694009719e-01,8.759395133888468743e-02,1.000000000000000000e+00
5.900000000000000000e+02,1.676136363636363535e+00,9.608854055543267769e-01,8.864005037125720354e-02,1.000000000000000000e+00
5.910000000000000000e+02,1.678977272727272707e+00,9.734443910727812455e-01,8.452847428061120716e-02,1.000000000000000000e+00
5.920000000000000000e+02,1.681818181818181879e+00,1.102723213127381641e+00,9.123847383462838079e-02,1.000000000000000000e+00
5.930000000000000000e+02,1.684659090909090828e+00,9.569454515212334478e-01,9.502893590304958837e-02,1.000000000000000000e+00
5.940000000000000000e+02,1.687500000000000000e+00,9.732901673506707541e-01,7.199312814677454042e-02,1.000000000000000000e+00
5.950000000000000000e+02,1.690340909090909172e+00,9.830102297884776297e-01,8.657436208496951946e-02,1.000000000000000000e+00
5.960000000000000000e+02,1.693181818181818121e+00,1.033169059515148813e+00,1.024526779288350703e-01,1.000000000000000000e+00
5.970000000000000000e+02,1.696022727272727293e+00,9.528256684429223800e-01,8.569627154170170180e-02,1.000000000000000000e+00
5.980000000000000000e+02,1.698863636363636465e+00,8.807032864462666089e-01,7.449629864437909421e-02,1.000000000000000000e+00
5.990000000000000000e+02,1.701704545454545414e+00,9.333560309755059015e-01,8.164492556818618574e-02,1.000000000000000000e+00
6.000000000000000000e+02,1.704545454545454586e+00,8.742081051099628297e-01,7.937558910123716782e-02,1.000000000000000000e+00
6.010000000000000000e+02,1.707386363636363535e+00,8.450234736530700674e-01,7.797756121571282339e-02,1.000000000000000000e+00
6.020000000000000000e+02,1.710227272727272707e+00,8.500069651002073456e-01,7.160944916814740435e-02,1.000000000000000000e+00
6.030000000000000000e+02,1.713068181818181879e+00,7.485000722058495759e-01,7.209786733340194098e-02,1.000000000000000000e+00
6.040000000000000000e+02,1.715909090909090828e+00,9.943973273952416703e-01,9.162844414322031394e-02,1.000000000000000000e+00
6.050000000000000000e+02,1.718750000000000000e+00,9.114273325368117407e-01,9.110250091566395036e-02,1.000000000000000000e+00
6.060000000000000000e+02,1.721590909090909172e+00,1.050511863178593464e+00,8.997025552633579337e-02,1.000000000000000000e+00
6.070000000000000000e+02,1.724431818181818121e+00,9.143636025931551892e-01,6.437328465661128207e-02,1.000000000000000000e+00
6.080000000000000000e+02,1.727272727272727293e+00,9.964685795912506805e-01,8.394496441708659829e-02,1.000000000000000000e+00
6.090000000000000000e+02,1.730113636363636465e+00,1.098058218936587060e+00,1.103946162502040529e-01,1.000000000000000000e+00
6.100000000000000000e+02,1.732954545454545414e+00,1.176086838253450839e+00,1.023675445987653476e-01,1.000000000000000000e+00
6.110000000000000000e+02,1.735795454545454586e+00,8.653322473288943550e-01,8.055952173168785813e-02,1.000000000000000000e+00
6.120000000000000000e+02,1.738636363636363535e+00,8.507071682927179745e-01,8.175784764901899981e-02,1.000000000000000000e+00
6.130000000000000000e+02,1.741477272727272707e+00,8.645373230977353440e-01,9.293589927601474121e-02,1.000000000000000000e+00
6.140000000000000000e+02,1.744318181818181879e+00,8.947331207346155280e-01,7.454966691203404605e-02,1.000000000000000000e+00
6.150000000000000000e+02,1.747159090909090828e+00,9.852366448634047869e-01,8.653082296105070459e-02,1.000000000000000000e+00
6.160000000000000000e+02,1.750000000000000000e+00,8.500544459074275139e-01,7.121180917218289386e-02,1.000000000000000000e+00
6.170000000000000000e+02,1.752840909090909172e+00,1.058456621792976504e+00,9.854374814103761260e-02,1.000000000000000000e+00
6.180000000000000000e+02,1.755681818181818121e+00,9.381867099627523299e-01,7.980527850096870435e-02,1.000000000000000000e+00
6.190000000000000000e+02,1.758522727272727293e+00,1.145868077478730207e+00,9.158256950072000968e-02,1.000000000000000000e+00
6.200000000000000000e+02,1.761363636363636465e+00,9.053282118621256425e-01,9.124243848474812568e-02,1.000000000000000000e+00
6.210000000000000000e+02,1.764204545454545414e+00,8.917217693712963245e-01,8.346535447340143465e-02,1.000000000000000000e+00
6.220000000000000000e+02,1.767045454545454586e+00,9.037944668752475597e-01,7.773801602674514089e-02,1.000000000000000000e+00
6.230000000000000000e+02,1.769886363636363535e+00,8.466487150325442412e-01,8.412985829319064024e-02,1.000000000000000000e+00
6.240000000000000000e+02,1.772727272727272707e+00,1.059615303292110289e+00,8.297441198120701633e-02,1.000000000000000000e+00
6.250000000000000000e+02,1.775568181818181879e+00,8.603891086544512845e-01,8.459930458295469857e-02,1.000000000000000000e+00
6.260000000000000000e+02,1.778409090909090828e+00,9.382571687462588628e-01,8.856401433830805858e-02,1.000000000000000000e+00
6.270000000000000000e+02,1.781250000000000000e+00,1.040276910446272129e+00,9.236359116072812014e-02,1.000000000000000000e+00
6.280000000000000000e+02,1.784090909090909172e+00,1.041114120938532839e+00,9.685524667037075097e-02,1.000000000000000000e+00
6.290000000000000000e+02,1.786931818181818121e+00,8.516953745151795152e-01,7.092248251901024647e-02,1.000000000000000000e+00
6.300000000000000000e+02,1.789772727272727293e+00,9.430682575832893821e-01,8.886215016388417098e-02,1.000000000000000000e+00
6.310000000000000000e+02,1.792613636363636465e+00,7.891223380829722744e-01,8.372865031314692674e-02,1.000000000000000000e+00
6.320000000000000000e+02,1.795454545454545414e+00,9.995544339133586309e-01,8.227879934804506468e-02,1.000000000000000000e+00
6.330000000000000000e+02,1.798295454545454586e+00,1.137668173824763374e+00,9.733980175040560234e-02,1.000000000000000000e+00
6.340000000000000000e+02,1.801136363636363535e+00,9.935207259507068400e-01,8.382881710229823924e-02,1.000000000000000000e+00
6.350000000000000000e+02,1.803977272727272707e+00,1.004315570031118598e+00,8.045540916630965211e-02,1.000000000000000000e+00
6.360000000000000000e+02,1.806818181818181879e+00,9.383259250467352874e-01,7.569116458663016633e-02,1.000000000000000000e+00
6.370000000000000000e+02,1.809659090909090828e+00,1.108418524702070140e+00,9.480674390464127743e-02,1.000000000000000000e+00
6.380000000000000000e+02,1.812500000000000000e+00,9.631266512859366635e-01,7.817239059625016862e-02,1.000000000000000000e+00
6.390000000000000000e+02,1.815340909090909172e+00,1.074993487015228011e+00,9.114542793419261324e-02,1.000000000000000000e+00
6.400000000000000000e+02,1.818181818181818121e+00,9.714390232828316041e-01,8.620663028982870901e-02,1.000000000000000000e+00
6.410000000000000000e+02,1.821022727272727293e+00,9.010292422005283797e-01,1.018917190355249358e-01,1.000000000000000000e+00
6.420000000000000000e+02,1.823863636363636465e+00,1.053132540257245786e+00,9.632964475220130718e-02,1.000000000000000000e+00
6.430000000000000000e+02,1.826704545454545414e+00,1.100735774202019845e+00,8.887293724564571118e-02,1.000000000000000000e+00
6.440000000000000000e+02,1.829545454545454586e+00,9.073529907569759523e-01,6.491630130032866042e-02,1.000000000000000000e+00
6.450000000000000000e+02,1.832386363636363535e+00,9.173213850648845868e-01,8.841705422242378265e-02,1.000000000000000000e+00
6.460000000000000000e+02,1.835227272727272707e+00,1.002257591410705917e+00,8.562965488766287325e-02,1.000000000000000000e+00
6.470000000000000000e+02,1.838068181818181879e+00,1.048801980880782247e+00,8.905030163321100978e-02,1.000000000000000000e+00
6.480000000000000000e+02,1.840909090909090828e+00,8.494065730106792333e-01,7.204659199555153715e-02,1.000000000000000000e+00
6.490000000000000000e+02,1.843750000000000000e+00,9.929445472743704260e-01,8.328684708046736607e-02,1.000000000000000000e+00
6.500000000000000000e+02,1.846590909090909172e+00,1.016025330292103401e+00,9.276366655347090262e-02,1.000000000000000000e+00
6.510000000000000000e+02,1.849431818181818121e+00,7.473012669825863652e-01,7.261001501391792234e-02,1.000000000000000000e+00
6.520000000000000000e+02,1.852272727272727293e+00,1.072022108040082244e+00,1.035786468845805719e-01,1.000000000000000000e+00
6.530000000000000000e+02,1.855113636363636465e+00,9.294403655105768491e-01,9.419992163470666813e-02,1.000000000000000000e+00
6.540000000000000000e+02,1.857954545454545414e+00,1.057675042500612506e+00,8.530811364460431923e-02,1.000000000000000000e+00
6.550000000000000000e+02,1.860795454545454586e+00,9.087032421328754550e-01,7.829731169002440705e-02,1.000000000000000000e+00
6.560000000000000000e+02,1.863636363636363535e+00,1.048142642832538662e+00,9.209365841871790248e-02,1.000000000000000000e+00
6.570000000000000000e+02,1.866477272727272707e+00,9.018672350933510939e-01,7.683691897033630147e-02,1.000000000000000000e+00
6.580000000000000000e+02,1.869318181818181879e+00,9.915841914051937156e-01,8.910948724434214485e-02,1.000000000000000000e+00
6.590000000000000000e+02,1.872159090909090828e+00,8.951619386014971758e-01,7.275270200775658946e-02,1.000000000000000000e+00
6.600000000000000000e+02,1.875000000000000000e+00,1.005293921131398038e+00,9.496609553180264396e-02,1.000000000000000000e+00
6.610000000000000000e+02,1.877840909090909172e+00,1.086576256217929526e+00,8.703165269506848989e-02,1.000000000000000000e+00
6.620000000000000000e+02,1.880681818181818121e+00,1.049916222679592392e+00,8.558695794721220274e-02,1.000000000000000000e+00
6.630000000000000000e+02,1.883522727272727293e+00,8.220374182190727241e-01,7.186773869640913914e-02,1.000000000000000000e+00
6.640000000000000000e+02,1.886363636363636465e+00,8.570789978463319025e-01,7.126888900699682172e-02,1.000000000000000000e+00
6.650000000000000000e+02,1.889204545454545414e+00,9.252084758414265142e-01,7.074001386935460656e-02,1.000000000000000000e+00
6.660000000000000000e+02,1.892045454545454586e+00,1.066880445019336987e+00,9.264718865722872121e-02,1.000000000000000000e+00
6.670000000000000000e+02,1.894886363636363535e+00,9.670181699205152581e-01,8.438213934776685188e-02,1.000000000000000000e+00
6.680000000000000000e+02,1.897727272727272707e+00,9.319190745855809865e-01,6.904074573647007995e-02,1.000000000000000000e+00
6.690000000000000000e+02,1.900568181818181879e+00,9.037908276704665900e-01,7.378374392444318752e-02,1.000000000000000000e+00
6.700000000000000000e+02,1.903409090909090828e+00,1.006490202737013506e+00,9.078702886388799465e-02,1.000000000000000000e+00
6.710000000000000000e+02,1.906250000000000000e+00,9.205040090280425247e-01,7.272610579590124691e-02,1.000000000000000000e+00
6.720000000000000000e+02,1.909090909090909172e+00,9.441968452994600192e-01,7.921031154517645112e-02,1.000000000000000000e+00
6.730000000000000000e+02,1.911931818181818121e+00,8.815202368811853040e-01,9.731316733325974522e-02,1.000000000000000000e+00
6.740000000000000000e+02,1.914772727272727293e+00,9.715954907817178077e-01,8.314923412958531712e-02,1.000000000000000000e+00
6.750000000000000000e+02,1.917613636363636465e+00,8.211413864936678575e-01,6.411263418479559717e-02,1.000000000000000000e+00
6.760000000000000000e+02,1.920454545454545414e+00,8.188683620048138323e-01,6.926898126444271109e-02,1.000000000000000000e+00
6.770000000000000000e+02,1.923295454545454586e+00,1.094126911275926206e+00,9.939496913380459209e-02,1.000000000000000000e+00
6.780000000000000000e+02,1.926136363636363535e+00,8.258354291878707842e-01,6.597409755924754649e-02,1.000000000000000000e+00
6.790000000000000000e+02,1.928977272727272707e+00,8.065983367746737409e-01,7.815029586327473798e-02,1.000000000000000000e+00
6.800000000000000000e+02,1.931818181818181879e+00,8.680544309386348800e-01,7.428467750477180109e-02,1.000000000000000000e+00
6.810000000000000000e+02,1.934659090909090828e+00,9.582301299268486394e-01,9.215966434238466454e-02,1.000000000000000000e+00
6.820000000000000000e+02,1.937500000000000000e+00,9.672225441920568878e-01,7.264104706891785779e-02,1.000000000000000000e+00
6.830000000000000000e+02,1.940340909090909172e+00,9.760665554058176596e-01,7.709383555865316484e-02,1.000000000000000000e+00
6.840000000000000000e+02,1.943181818181818121e+00,1.043502188984492207e+00,9.261822725629388631e-02,1.000000000000000000e+00
6.850000000000000000e+02,1.946022727272727293e+00,1.135578811915906705e+00,9.335952392514072773e-02,1.000000000000000000e+00
6.860000000000000000e+02,1.948863636363636465e+00,1.143631439185207377e+00,9.331285094625135779e-02,1.000000000000000000e+00
6.870000000000000000e+02,1.951704545454545414e+00,1.026803884097740704e+00,8.425434093468177343e-02,1.000000000000000000e+00
6.880000000000000000e+02,1.954545454545454586e+00,1.151706220233635003e+00,1.099072207696123460e-01,1.000000000000000000e+00
6.890000000000000000e+02,1.957386363636363535e+00,1.065343025771835928e+00,9.210864788978778694e-02,1.000000000000000000e+00
6.900000000000000000e+02,1.960227272727272707e+00,1.048308561760352031e+00,9.484411787347570011e-02,1.000000000000000000e+00
6.910000000000000000e+02,1.963068181818181879e+00,8.978653645365644032e-01,8.093176684366586160e-02,1.000000000000000000e+00
6.920000000000000000e+02,1.965909090909090828e+00,9.751274150707150978e-01,7.806276271197062910e-02,1.000000000000000000e+00
6.930000000000000000e+02,1.968750000000000000e+00,9.709213237431570942e-01,1.010696447740711962e-01,1.000000000000000000e+00
6.940000000000000000e+02,1.971590909090909172e+00,1.085774578440442895e+00,9.092163260320615392e-02,1.000000000000000000e+00
6.950000000000000000e+02,1.974431818181818121e+00,9.345602669047170519e-01,7.131842403186798574e-02,1.000000000000000000e+00
6.960000000000000000e+02,1.977272727272727293e+00,8.978612290088074932e-01,7.069108156084111250e-02,1.000000000000000000e+00
6.970000000000000000e+02,1.980113636363636465e+00,1.064802584403403252e+00,8.662280680600314975e-02,1.000000000000000000e+00
6.980000000000000000e+02,1.982954545454545414e+00,8.184325975499063821e-01,6.584569833765105407e-02,1.000000000000000000e+00
6.990000000000000000e+02,1.985795454545454586e+00,9.419952649487296492e-01,8.154372304437844388e-02,1.000000000000000000e+00
7.000000000000000000e+02,1.988636363636363535e+00,9.663808813222709571e-01,9.929315370953518960e-02,1.000000000000000000e+00
7.010000000000000000e+02,1.991477272727272707e+00,9.572537752991940874e-01,8.254129191143956545e-02,1.000000000000000000e+00
7.020000000000000000e+02,1.994318181818181879e+00,8.898984084901951919e-01,7.487773194480282224e-02,1.000000000000000000e+00
7.030000000000000000e+02,1.997159090909090828e+00,9.813988504139733449e-01,8.333214612787244457e-02,1.000000000000000000e+00
7.040000000000000000e+02,2.000000000000000000e+00,9.942950232857377113e-01,7.845564163568956306e-02,1.000000000000000000e+00
